compound_chembl_id,chembl_smiles,pchembl_value,class,compound_type,pca_component1,pca_component2
CHEMBL1080623,Cc1ncc([N+](=O)[O-])n1CCCl,8.22,Active,Alkaloids,-1.3572745831693807,0.4717485982550415
CHEMBL1082352,O=C(Nc1ncc([N+](=O)[O-])s1)c1ccccc1,6.91,Active,Alkaloids,-1.576846084814214,-0.32859296517514014
CHEMBL1090,Nc1ncnc2c1ncn2[C@@H]1O[C@H](CO)[C@@H](O)[C@@H]1O,5.44,Active,Carbohydrates,1.3185086300519784,0.6577424719018992
CHEMBL110,O=C(Cn1ccnc1[N+](=O)[O-])NCc1ccccc1,4.73,Inactive,Alkaloids,-1.3220728967103836,0.4492814703260674
CHEMBL116138,CCCC/N=C(\S)N/N=C/c1ccc([N+](=O)[O-])s1,5.83,Active,Other,-1.2116774176264609,0.5397651116007757
CHEMBL116141,CCC(C)N(/C(S)=N/N=C/c1ccc([N+](=O)[O-])s1)C(C)CC,5.35,Active,Other,-1.053797252262331,1.0137211218075868
CHEMBL116243,O=[N+]([O-])c1ccc(/C=N/N=C(\S)N2CCCCCC2)s1,5.06,Active,Alkaloids,-1.005282884741673,1.1390007691724748
CHEMBL116244,O=[N+]([O-])c1ccc(/C=N/N=C(\S)NC2CCCCC2)s1,4.97,Inactive,Other,-1.0290918042581951,1.2353258131905327
CHEMBL116674,CCC/N=C(\S)N/N=C/c1ccc([N+](=O)[O-])s1,4.68,Inactive,Other,-1.2317079438423393,0.614023850402037
CHEMBL1170157,FC(F)(F)c1nc2cc(Oc3cccc4ccccc34)c(Cl)cc2[nH]1,7.07,Active,Alkaloids,0.7723252651929413,-1.4479084517546446
CHEMBL1170158,Cn1c(C(F)(F)F)nc2cc(Oc3cccc4ccccc34)c(Cl)cc21,6.01,Active,Alkaloids,0.6895405976263809,-1.407269424869687
CHEMBL1170159,Cn1c(C(F)(F)F)nc2cc(Cl)c(Oc3cccc4ccccc34)cc21,6.35,Active,Alkaloids,0.6527054212892431,-1.4083081974765965
CHEMBL1170756,Cn1c(C(F)(F)F)nc2cc(Oc3cccc(Cl)c3Cl)ccc21,7.8,Active,Alkaloids,0.7032692952259922,-1.543735474420005
CHEMBL1170757,Cn1c(C(F)(F)F)nc2ccc(Oc3cccc(Cl)c3Cl)cc21,6.96,Active,Alkaloids,0.7530619087034296,-1.5548127606489894
CHEMBL117124,CCCN(CCC)/C(S)=N/N=C/c1ccc([N+](=O)[O-])s1,5.34,Active,Other,-1.1835518448268172,0.8032079507512431
CHEMBL1172446,FC(F)(F)c1nc2cc(Oc3cccc(Cl)c3Cl)ccc2[nH]1,6.27,Active,Alkaloids,0.9086563157349394,-1.6359245652780183
CHEMBL120563,CN(C)C(=S)SSC(=S)N(C)C,,Active,Other,0.6491702177025986,-0.17802724549233206
CHEMBL1213036,O=[N+]([O-])c1ccc2nc(Cl)sc2c1,5.7,Active,Alkaloids,-1.7005328196035228,-0.4164821921802928
CHEMBL1213039,COc1cc(NS(C)(=O)=O)ccc1Nc1nc2ccc([N+](=O)[O-])cc2s1,4.08,Inactive,Alkaloids,-1.498521669738615,-0.5353417683461317
CHEMBL1213175,CCN(CC)CCCNc1nc2ccc([N+](=O)[O-])cc2s1,4.31,Inactive,Alkaloids,-1.9078229170349137,-0.5595829189370913
CHEMBL1213317,O=C(O)c1ccccc1Nc1ccc2nc(Cl)sc2c1,4.77,Inactive,Alkaloids,0.635626769686623,-1.480000027547835
CHEMBL1213318,CN(C)c1ccc(Nc2nc3ccc(Nc4ccccc4C(=O)O)cc3s2)cc1,4.58,Inactive,Alkaloids,0.5073323424021261,-1.616816562841996
CHEMBL1213355,COc1cc(NS(C)(=O)=O)ccc1Nc1nc2ccc(Nc3ccccc3C(=O)O)cc2s1,4.66,Inactive,Alkaloids,0.7036366075475422,-1.4263525562876949
CHEMBL1213361,CC(=O)Nc1nc2ccc(Nc3ccccc3C(=O)O)cc2s1,4.75,Inactive,Alkaloids,0.2977173593228666,-1.6626365207285316
CHEMBL1213387,CCN(CC)c1nc2ccc(Nc3ccccc3C(=O)O)cc2s1,5.52,Active,Alkaloids,0.4627793293119649,-1.6517038135020237
CHEMBL1213388,O=C(O)c1ccccc1Nc1ccc2nc(N3CCCCC3)sc2c1,4.08,Inactive,Alkaloids,0.48302312060839786,-1.058670205869458
CHEMBL1213390,CCCNc1nc2ccc(Nc3ccccc3C(=O)O)cc2s1,4.12,Inactive,Alkaloids,0.4146126572973004,-1.5736922434520442
CHEMBL1213391,O=C(O)c1ccccc1Nc1ccc2nc(Nc3ccccc3)sc2c1,4.39,Inactive,Alkaloids,0.4492463910776116,-1.5234607982061092
CHEMBL1219,COCCCOc1ccnc(C[S+]([O-])c2nc3ccccc3[nH]2)c1C,6.98,Active,Alkaloids,0.6188997228540193,-0.9914990884293755
CHEMBL1222473,COc1ccc(NC(=O)NCCNc2ccnc3cc(Cl)ccc23)cc1,4.66,Inactive,Alkaloids,1.1427583412932028,-1.776856537746094
CHEMBL1222724,O=C(Nc1ccc(Cl)c(Cl)c1)c1cccc(C(F)(F)F)c1,4.11,Inactive,Phenylpropanoids,0.5156227912615189,-1.3257014901302135
CHEMBL1223488,O=C(NCCNc1ccnc2cc(Cl)ccc12)NC1CCCCC1,4.18,Inactive,Alkaloids,0.9088405599356674,-0.5750743597995288
CHEMBL1223489,O=C(NCCNc1ccnc2cc(Cl)ccc12)Nc1ccccc1,4.34,Inactive,Alkaloids,0.7507170459889975,-1.13081903863919
CHEMBL1223557,O=C(NCCNc1ccnc2cc(Cl)ccc12)Nc1ccc(Cl)cc1,5.02,Active,Alkaloids,0.8316913155882919,-1.3648917865183694
CHEMBL1223558,O=C(NCCNc1ccnc2cc(Cl)ccc12)Nc1ccc(F)cc1,4.63,Inactive,Alkaloids,0.8455767174962474,-1.469151733531642
CHEMBL1223559,CCOc1ccc(NC(=O)NCCNc2ccnc3cc(Cl)ccc23)cc1,4.52,Inactive,Alkaloids,1.0428913182959958,-1.5702454603111111
CHEMBL1223560,CCCCOc1ccc(NC(=O)NCCNc2ccnc3cc(Cl)ccc23)cc1,5.07,Active,Alkaloids,0.9536707757009489,-1.629662054297286
CHEMBL1223561,O=C(NCCNc1ccnc2cc(Cl)ccc12)Nc1ccc([N+](=O)[O-])cc1,4.92,Inactive,Alkaloids,-1.0103056803169777,-0.5848984596616775
CHEMBL125,CCCCCCCCCCCCCCCCOP(=O)([O-])OCC[N+](C)(C)C,4.84,Inactive,Fatty acids,0.10722665114482327,-0.15745260948717102
CHEMBL1269197,CCCSc1ccc2c(c1)nc(C(F)(F)F)n2C,6.7,Active,Alkaloids,0.2709292827475241,-1.6136047396854882
CHEMBL1269198,CCCSc1ccc2nc(C(F)(F)F)n(C)c2c1,5.59,Active,Alkaloids,0.3954887430502867,-1.6697615323671713
CHEMBL1270444,Cn1c(C(F)(F)F)nc2cc(C(=O)c3ccccc3)ccc21,4.53,Inactive,Alkaloids,0.28822132049339877,-1.4351453903914968
CHEMBL1270445,Cn1c(C(F)(F)F)nc2ccc(C(=O)c3ccccc3)cc21,4.97,Inactive,Alkaloids,0.4040009480205669,-1.3868280197016352
CHEMBL1288616,Nc1ncnc2c1ncn2[C@@H]1O[C@H](C=NO)[C@@H](O)[C@H]1O,4.4,Inactive,Carbohydrates,1.5141066510344017,0.6257817877362777
CHEMBL1289768,O[C@@H]1[C@H](O)[C@@H](C=CI)O[C@H]1n1cnc2c(NC3CC3)ncnc21,,Inactive,Carbohydrates,1.6840236564017776,0.619796973028639
CHEMBL1330029,CCCCC(=O)Nc1ncc([N+](=O)[O-])s1,6.52,Active,Peptides,-1.4833207612151644,-0.2585718575656515
CHEMBL137,Cc1ncc([N+](=O)[O-])n1CCO,5.28,Active,Alkaloids,-1.2836266900627398,0.6004928226699779
CHEMBL1401,CC(=O)Oc1ccccc1C(=O)Nc1ncc([N+](=O)[O-])s1,7.17,Active,Alkaloids,-1.4188092832446435,-0.4010620545595628
CHEMBL1483,CCCSc1ccc2[nH]c(NC(=O)OC)nc2c1,5.8,Active,Alkaloids,0.2657560850107728,-1.700202935478224
CHEMBL1502,COc1ccnc(C[S+]([O-])c2nc3cc(OC(F)F)ccc3[nH]2)c1OC,7.12,Active,Alkaloids,0.6090372129428925,-1.6753622592343582
CHEMBL1503,COc1ccc2[nH]c([S+]([O-])Cc3ncc(C)c(OC)c3C)nc2c1,6.92,Active,Alkaloids,0.3681110584513531,-1.3196126877318972
CHEMBL1531829,O=[N+]([O-])c1cnc2ccccn12,5.61,Active,Alkaloids,-1.2365830534303763,0.3534029641279792
CHEMBL1545,O=C(Nc1ncc([N+](=O)[O-])s1)c1ccccc1O,6.68,Active,Alkaloids,-1.4834295637880688,-0.16644014533743737
CHEMBL1577852,O=C(CN1CCOCC1)Nc1nc2ccc([N+](=O)[O-])cc2s1,6.48,Active,Alkaloids,-1.6744297982210437,-0.20037306742105399
CHEMBL1589212,Cc1ncc([N+](=O)[O-])n1CCOC(=O)Nc1ccc([N+](=O)[O-])cc1,5.0,Inactive,Alkaloids,-1.5902233077020858,0.5279802375471027
CHEMBL1779947,CC(=O)Oc1ccccc1C(=O)Nc1nc2ccc([N+](=O)[O-])cc2s1,6.08,Active,Phenylpropanoids,-1.807756309920317,-0.8231218043472144
CHEMBL1779948,O=C(Nc1nc2ccc([N+](=O)[O-])cc2s1)c1ccccc1O,5.67,Active,Alkaloids,-1.8723765904637426,-0.5884998951250892
CHEMBL1872946,CC(=O)Nc1ncc([N+](=O)[O-])s1,7.66,Active,Alkaloids,-1.5455335760662143,-0.3108403310074078
CHEMBL1922081,CN(C)CCSc1nc2c(Cl)cc(Cl)cc2[nH]1,7.14,Active,Alkaloids,0.4233190233832823,-1.6028491824965443
CHEMBL2032003,Nc1ncnc2c1ncn2[C@@H]1O[C@H](CO)[C@@H](O)[C@@H]1Cl,5.23,Active,Carbohydrates,1.0628881565762616,0.6625952015778319
CHEMBL2032106,O=c1ccn([C@@H]2O[C@H](CSc3ccccc3)[C@@H](O)[C@H]2O)c(=O)[nH]1,,Inactive,Carbohydrates,0.7098635016941505,0.892063776139273
CHEMBL2032107,COc1ccc(SC[C@H]2O[C@@H](n3ccc(=O)[nH]c3=O)[C@H](O)[C@@H]2O)cc1,,Inactive,Carbohydrates,1.0758658527731286,0.32740289217189145
CHEMBL2032108,O=c1ccn([C@@H]2O[C@H](CCl)[C@@H](O)[C@H]2O)c(=O)[nH]1,,Inactive,Carbohydrates,0.7924832835055092,0.7125592999992212
CHEMBL203854,O=c1c(-c2ccc([N+](=O)[O-])cc2)coc2cc(O)cc(O)c12,5.1,Active,Phenylpropanoids,-1.052341834934318,1.1530268092661964
CHEMBL2059381,O=C1/C(=C/c2ccc(F)cc2)C[C@@]2(O)[C@H]3Cc4ccc(O)c5c4[C@@]2(CCN3CC2CC2)[C@H]1O5,4.89,Inactive,Alkaloids,2.3858683344248983,3.1284938662055324
CHEMBL2059382,COc1ccc(/C=C2\C[C@@]3(O)[C@H]4Cc5ccc(O)c6c5[C@@]3(CCN4CC3CC3)[C@@H](O6)C2=O)cc1,4.85,Inactive,Alkaloids,2.6830499582218548,2.820789061991081
CHEMBL206231,Nc1ncnc2c1ncn2[C@@H]1O[C@H](/C=C\I)[C@@H](O)[C@H]1O,4.12,Inactive,Carbohydrates,1.6270396316657119,0.4785343102366561
CHEMBL2069823,C=C[C@H]1CNCC[C@H]1CCC(=O)c1ccnc2ccccc12,,Inactive,Alkaloids,1.1160049228623368,-0.020692236206305486
CHEMBL2153694,COc1c2cc([N+](=O)[O-])ccc2nn1C,4.73,Inactive,Alkaloids,-1.6953711415964527,0.05858643866319504
CHEMBL220884,CN[C@@H]1[C@@H](O)[C@@H](O[C@@H]2[C@@H](O)[C@H](O[C@H]3O[C@H](C(C)N)CC[C@H]3N)[C@@H](N)C[C@H]2N)OC[C@]1(C)O,,Inactive,Carbohydrates,2.772189891613702,2.9632006838220497
CHEMBL221886,CN[C@@H]1[C@@H](O)[C@@H](O[C@@H]2[C@@H](O)[C@H](O[C@H]3OC(CN)=CC[C@H]3N)[C@@H](N)C[C@H]2N)OC[C@]1(C)O,,Active,Carbohydrates,2.937430573547013,3.0581806987173232
CHEMBL2235864,CCOC(=O)c1nc2ccccn2c1[N+](=O)[O-],5.4,Active,Alkaloids,-0.9123935500240302,0.012125432813247326
CHEMBL2235865,O=C(O)c1nc2ccccn2c1[N+](=O)[O-],4.68,Inactive,Alkaloids,-1.07962794545208,0.18344063743832667
CHEMBL2236561,CCOC(=O)c1nc2cccc(C)n2c1[N+](=O)[O-],5.04,Active,Alkaloids,-0.8952053713784311,0.07308252345070267
CHEMBL2236562,NC(=O)c1nc2ccccn2c1[N+](=O)[O-],4.38,Inactive,Alkaloids,-1.0004133995891455,0.12657424434009212
CHEMBL2236563,Cc1cccc2nc(C(N)=O)c([N+](=O)[O-])n12,4.83,Inactive,Alkaloids,-1.0154458853135346,0.1354217631751003
CHEMBL2236578,O=[N+]([O-])c1c(NC2CCCCC2)nc2ccccn12,4.21,Inactive,Alkaloids,-0.9505007871509439,0.4798265707299122
CHEMBL2236839,N#Cc1nc2ccccn2c1[N+](=O)[O-],5.01,Active,Alkaloids,-1.2634480561891634,0.3113619253100029
CHEMBL2236840,Cc1cccc2nc(C#N)c([N+](=O)[O-])n12,4.92,Inactive,Alkaloids,-1.3028072089572267,0.29792196133749793
CHEMBL2236841,Cc1cccc2nc(NC3CCCCC3)c([N+](=O)[O-])n12,4.19,Inactive,Alkaloids,-0.9787383733589878,0.4776058455310926
CHEMBL226656,FC(F)(F)C(F)(F)c1nc2cc(Cl)c(Cl)cc2[nH]1,6.52,Active,Alkaloids,0.5303970441323765,-1.590127473988715
CHEMBL226920,O=[N+]([O-])c1cc2nc(C(F)(F)F)[nH]c2cc1[N+](=O)[O-],6.24,Active,Alkaloids,-0.9958573178860286,-0.8651076873582303
CHEMBL226921,FC(F)(F)C(F)(F)c1nc2c(Br)c(Br)c(Br)c(Br)c2[nH]1,5.0,Inactive,Other,0.8014964351146123,-0.6870553107305317
CHEMBL227370,FC(F)(F)c1nc2c(Br)c(Br)c(Br)c(Br)c2[nH]1,8.7,Active,Alkaloids,0.8147235323592302,-0.8006569106374227
CHEMBL228199,FC(F)(F)c1nc2cc(Br)ccc2[nH]1,5.8,Active,Alkaloids,0.47854106419552006,-1.447349756989193
CHEMBL228258,FC(F)(F)c1nc2c(Br)cc(Br)cc2[nH]1,6.72,Active,Alkaloids,0.551588614630544,-1.1854184989795549
CHEMBL232751,[N-]=[N+]=NC[C@H]1O[C@@H](n2cnc3c(N)ncnc32)[C@H](O)[C@@H]1O,4.31,Inactive,Carbohydrates,1.4091486970398184,0.662151707329967
CHEMBL2375522,O=C1C(=O)N(Cc2cn([C@@H]3C(=O)N(c4ccc(F)cc4)[C@@H]3/C=C/c3ccccc3)nn2)c2ccccc21,5.11,Active,Alkaloids,1.4842600661295402,1.8198491666414305
CHEMBL2375527,O=C1C(=O)N(Cc2cn([C@@H]3C(=O)N(c4ccccc4)[C@@H]3/C=C/c3ccccc3)nn2)c2ccc(F)cc21,5.15,Active,Alkaloids,1.4101442874066428,1.6944618851885753
CHEMBL2375528,O=C1C(=O)N(Cc2cn([C@@H]3C(=O)N(c4ccccc4)[C@@H]3/C=C/c3ccccc3)nn2)c2ccc(Cl)cc21,5.01,Active,Alkaloids,1.473235948539495,1.43193609582228
CHEMBL2375529,O=C1C(=O)N(Cc2cn([C@@H]3C(=O)N(c4ccccc4)[C@@H]3/C=C/c3ccccc3)nn2)c2ccc(Br)cc21,5.03,Active,Alkaloids,1.351099186394993,1.7195732605022287
CHEMBL2375531,O=C1C(=O)N(Cc2cn([C@@H]3C(=O)N(c4ccc(Cl)cc4)[C@@H]3/C=C/c3ccccc3)nn2)c2ccccc21,5.08,Active,Alkaloids,1.5026130625156768,1.697791986397012
CHEMBL2375532,O=C1C(=O)N(Cc2cn([C@@H]3C(=O)N(c4ccc(Cl)cc4)[C@@H]3/C=C/c3ccccc3)nn2)c2ccc(Cl)cc21,5.0,Inactive,Alkaloids,1.5175065553272054,1.4961793003256696
CHEMBL2375533,Cc1ccc(N2C(=O)[C@@H](n3cc(CN4C(=O)C(=O)c5ccccc54)nn3)[C@H]2/C=C/c2ccccc2)cc1,4.56,Inactive,Alkaloids,1.4183307698344103,1.8906239404219483
CHEMBL2375534,Cc1ccc(N2C(=O)[C@@H](n3cc(CN4C(=O)C(=O)c5cc(F)ccc54)nn3)[C@H]2/C=C/c2ccccc2)cc1,4.66,Inactive,Alkaloids,1.4023709998071783,1.7252199164592097
CHEMBL2375535,Cc1ccc(N2C(=O)[C@@H](n3cc(CN4C(=O)C(=O)c5cc(Cl)ccc54)nn3)[C@H]2/C=C/c2ccccc2)cc1,5.0,Inactive,Alkaloids,1.4654626609400316,1.462694127092914
CHEMBL2375540,Cc1ccc2c(c1)C(=O)C(=O)N2Cc1cn([C@@H]2C(=O)N(C3CCCCC3)[C@@H]2/C=C/c2ccccc2)nn1,4.35,Inactive,Alkaloids,1.4328736196132588,1.8687015832669387
CHEMBL2375605,O=C1C(=O)N(Cc2cn([C@@H]3C(=O)N(Cc4ccccc4)[C@@H]3/C=C/c3ccccc3)nn2)c2ccccc21,5.06,Active,Alkaloids,1.0845590593432264,1.701709425200097
CHEMBL2403411,Cn1c(SCCn2ccnc2)nc2cc(Cl)ccc21,6.87,Active,Alkaloids,0.7292419461001541,-2.330965063580324
CHEMBL2403412,Cn1c(SCCn2ccnc2)nc2cc(Cl)c(Cl)cc21,7.02,Active,Alkaloids,0.7161691027169595,-2.3894945667498724
CHEMBL2403413,COC(=O)c1ccc2[nH]c(SCCn3ccnc3)nc2c1,6.96,Active,Alkaloids,0.7770311553368926,-2.5554177035014414
CHEMBL2403414,COC(=O)c1cc2nc(SCCn3ccnc3)[nH]c2cc1Cl,7.14,Active,Alkaloids,0.8140552895953379,-2.7401150336877635
CHEMBL2403415,COC(=O)c1ccc2nc(SCCn3ccnc3)n(C)c2c1,6.94,Active,Alkaloids,0.8408251069730689,-2.3778955568609725
CHEMBL2403416,COC(=O)c1cc2c(cc1Cl)nc(SCCn1ccnc1)n2C,7.06,Active,Alkaloids,0.861413790444793,-2.5562136657413967
CHEMBL2403417,COC(=O)c1ccc2c(c1)nc(SCCn1ccnc1)n2C,7.11,Active,Alkaloids,0.7363851458743716,-2.36774355942397
CHEMBL2403418,COC(=O)c1cc2nc(SCCn3ccnc3)n(C)c2cc1Cl,7.03,Active,Alkaloids,0.8487446237388225,-2.5786918271467703
CHEMBL2403419,CCOc1ccc2[nH]c(SCCn3ccnc3)nc2c1,7.14,Active,Alkaloids,0.856908226602579,-2.4979078849165917
CHEMBL2403420,CCOc1cc2nc(SCCn3ccnc3)[nH]c2cc1Cl,7.0,Active,Alkaloids,0.8365015944266402,-2.6031742629559185
CHEMBL2403421,CCOc1ccc2nc(SCCn3ccnc3)n(C)c2c1,7.14,Active,Alkaloids,0.8660548306174953,-2.321311027068105
CHEMBL2403422,CCOc1cc2c(cc1Cl)nc(SCCn1ccnc1)n2C,7.16,Active,Alkaloids,0.8816227615693687,-2.468088955458413
CHEMBL2403423,CCOc1ccc2c(c1)nc(SCCn1ccnc1)n2C,7.12,Active,Alkaloids,0.8162622171400582,-2.3102337408391205
CHEMBL2403424,CCOc1cc2nc(SCCn3ccnc3)n(C)c2cc1Cl,7.01,Active,Alkaloids,0.871190928570124,-2.4417510564149243
CHEMBL2403425,Cn1c(SCCn2ccnc2)nc2ccc(Cl)cc21,6.89,Active,Alkaloids,0.7798222040373317,-2.3480887766600245
CHEMBL2403426,c1ccc2[nH]c(SCCn3ccnc3)nc2c1,6.75,Active,Alkaloids,0.8725290564020645,-1.8274906579905457
CHEMBL2403427,Clc1ccc2[nH]c(SCCn3ccnc3)nc2c1,6.77,Active,Alkaloids,0.7610464060691017,-2.459144496925559
CHEMBL2403428,Clc1cc2nc(SCCn3ccnc3)[nH]c2cc1Cl,6.85,Active,Alkaloids,0.6726382190799017,-2.4914230625586304
CHEMBL2403429,Cn1c(SCCn2ccnc2)nc2ccccc21,6.83,Active,Alkaloids,0.8733766239918564,-1.7659566994052238
CHEMBL242341,COc1ccc(-c2coc3cc(O)ccc3c2=O)cc1,,Active,Phenylpropanoids,1.2190489629806653,0.0012147722103943723
CHEMBL250007,FC(F)(F)c1ccc2[nH]c(-c3ccc(OCCCCCOc4ccc(-c5nc6cc(C(F)(F)F)ccc6[nH]5)cc4)cc3)nc2c1,5.3,Active,Alkaloids,0.5962952563003905,-1.586105661219874
CHEMBL252172,O=C1/C(=C/c2ccccc2)C[C@@]2(O)[C@H]3Cc4ccc(O)c5c4[C@@]2(CCN3CC2CC2)[C@H]1O5,4.66,Inactive,Alkaloids,2.3109766186924774,3.3782688554024225
CHEMBL255442,Nc1nc(N)c2ncn([C@@H]3O[C@H](CO)[C@@H](O)[C@H]3O)c2n1,4.53,Inactive,Carbohydrates,1.2757939940138747,0.36801831875806607
CHEMBL255672,C[C@@H]1CC(=O)C2=C(C[C@@H](O)[C@]3(O)[C@H]2C(=O)c2cccc(O)c2[C@@H]3O)[C@H]1O,,Inactive,Polyketides,1.1510634483895286,1.511629825572943
CHEMBL255694,COc1cc(-c2nc3cc([N+](=O)[O-])ccc3[nH]2)ccc1OCCCCCOc1ccc(-c2nc3cc([N+](=O)[O-])ccc3[nH]2)cc1OC,6.1,Active,Alkaloids,-1.4000607437737698,-0.6259581390774037
CHEMBL256104,Cc1ccc2[nH]c(-c3ccc(OCCCCCOc4ccc(-c5nc6cc(C)ccc6[nH]5)cc4)cc3)nc2c1,5.38,Active,Alkaloids,0.5306395308711132,-1.4648181854618367
CHEMBL256127,COc1cc(-c2nc3cc(C)ccc3[nH]2)ccc1OCCCCCOc1ccc(-c2nc3cc(C)ccc3[nH]2)cc1OC,5.99,Active,Alkaloids,0.6111008514832666,-1.5488514376849072
CHEMBL256337,O=[N+]([O-])c1ccc2[nH]c(-c3ccc(OCCCCCOc4ccc(-c5nc6cc([N+](=O)[O-])ccc6[nH]5)cc4)cc3)nc2c1,5.45,Active,Alkaloids,-1.4893636138794968,-0.4824301761220976
CHEMBL256704,C[C@@H]1CC(=O)C2=C(C1)C1OC1[C@]1(O)[C@H]2C(=O)c2cccc(O)c2[C@@H]1O,,Inactive,Polyketides,1.2517990261905747,1.4545895847462935
CHEMBL257596,C[C@@H]1CC(=O)C2=C(C1)C[C@@H](O)[C@]1(O)[C@H]2C(=O)c2cccc(O)c2[C@@H]1O,,Inactive,Polyketides,1.196737533353283,1.2489254246742787
CHEMBL258377,COc1ccc2[nH]c(-c3ccc(OCCCCCOc4ccc(-c5nc6cc(OC)ccc6[nH]5)cc4)cc3)nc2c1,6.79,Active,Alkaloids,0.7661091037705227,-1.5799484766770553
CHEMBL258386,COc1cc(-c2nc3ccccc3[nH]2)ccc1OCCCCCOc1ccc(-c2nc3ccccc3[nH]2)cc1OC,5.21,Active,Alkaloids,0.8416531652815299,-1.3330906709454466
CHEMBL267345,C[C@@H]1[C@H](O)[C@@H](C)/C=C/C=C/C=C/C=C/C=C/C=C/C=C/[C@H](O[C@@H]2O[C@H](C)[C@@H](O)[C@H](N)[C@@H]2O)C[C@@H]2O[C@](O)(C[C@@H](O)C[C@@H](O)[C@H](O)CC[C@@H](O)C[C@@H](O)CC(=O)O[C@H]1C)C[C@H](O)[C@H]2C(=O)O,4.92,Inactive,Polyketides,1.757681869382241,1.9258064159081936
CHEMBL279261,OC1(c2ccc(-c3ccccc3)cc2)CN2CCC1CC2,4.34,Inactive,Alkaloids,1.0676020361128329,1.0724208363545964
CHEMBL309579,Nc1ncnc2c1ncn2[C@@H]1O[C@H](CO)[C@@H](O)[C@H]1F,5.53,Active,Carbohydrates,1.2023887292248507,0.5967898254930083
CHEMBL3114392,O=C(Nc1ncc([N+](=O)[O-])s1)NC1CCCCC1,5.78,Active,Alkaloids,-1.3519680448502422,0.27997682492985637
CHEMBL3114393,O=C(Nc1ccc(Cl)cc1)Nc1ncc([N+](=O)[O-])s1,5.99,Active,Peptides,-1.4303811208131998,-0.5496988445095877
CHEMBL3114394,O=C(Nc1ccc(F)cc1)Nc1ncc([N+](=O)[O-])s1,5.91,Active,Peptides,-1.4487341171993362,-0.4276416642651687
CHEMBL3114396,CCOc1ccc(NC(=O)Nc2ncc([N+](=O)[O-])s2)cc1,6.55,Active,Alkaloids,-1.2643063937585401,-0.47662730492855804
CHEMBL3114397,CCCCOc1ccc(NC(=O)Nc2ncc([N+](=O)[O-])s2)cc1,6.41,Active,Alkaloids,-1.353526936353587,-0.5360438989147323
CHEMBL3114398,O=C(Nc1ccc([N+](=O)[O-])cc1)Nc1ncc([N+](=O)[O-])s1,6.02,Active,Peptides,-1.904412912997009,-0.002564850535941507
CHEMBL3114399,CCCCCCCCCCCCCCCC(=O)Nc1ncc([N+](=O)[O-])s1,5.59,Active,Alkaloids,-1.4786523191322907,-0.3519242558662445
CHEMBL3114400,COC(=O)Nc1ncc([N+](=O)[O-])s1,7.09,Active,Peptides,-1.3418516873667303,-0.3329990363547611
CHEMBL3114401,CCOC(=O)C(=O)Nc1ncc([N+](=O)[O-])s1,8.0,Active,Alkaloids,-1.4376228397963402,-0.2438078884809952
CHEMBL318275,Nc1nc2ccc([N+](=O)[O-])cc2s1,6.2,Active,Peptides,-1.7300881982171756,-0.23478997231847865
CHEMBL3219460,Cc1ccc(N2C(=O)[C@@H](NC(CO)CN3C(=O)C(=O)c4ccccc43)[C@H]2/C=C/c2ccccc2)cc1,4.72,Inactive,Alkaloids,1.357330642746565,1.9237979238691088
CHEMBL3219461,O=C1C(=O)N(CC(CO)N[C@@H]2C(=O)N(c3ccc(Cl)cc3)[C@@H]2/C=C/c2ccccc2)c2ccccc21,4.61,Inactive,Alkaloids,1.441612935427831,1.7309659698441722
CHEMBL3219462,O=C1C(=O)N(CC(CO)N[C@@H]2C(=O)N(C3CCCCC3)[C@@H]2/C=C/c2ccccc2)c2ccccc21,4.73,Inactive,Peptides,1.4729175588360255,2.0329771358001856
CHEMBL3219464,Cc1ccc2c(c1)C(=O)C(=O)N2CC(CO)N[C@@H]1C(=O)N(c2ccc(Cl)cc2)[C@@H]1/C=C/c1ccccc1,4.83,Inactive,Alkaloids,1.3811011155678488,1.6049286287178137
CHEMBL3219467,O=C1C(=O)N(CC(CO)N[C@@H]2C(=O)N(c3ccc(Cl)cc3)[C@@H]2/C=C/c2ccccc2)c2ccc(Cl)cc21,5.01,Active,Alkaloids,1.4565064282393596,1.52935328377283
CHEMBL3219470,O=C1C(=O)N(CC(CO)N[C@@H]2C(=O)N(c3ccc(Cl)cc3)[C@@H]2/C=C/c2ccccc2)c2ccc(F)cc21,4.56,Inactive,Alkaloids,1.425653165400599,1.5655619458814334
CHEMBL3220676,CCCSc1ccc2[nH]c(C(F)(F)F)nc2c1,6.46,Active,Alkaloids,0.48515785275004486,-1.7652885412757384
CHEMBL3220677,O=C(c1ccccc1)c1ccc2[nH]c(C(F)(F)F)nc2c1,4.55,Inactive,Alkaloids,0.49360834100234585,-1.5273344812495109
CHEMBL3220678,FC(F)(F)c1nc2c(Br)c(Br)c(Br)cc2[nH]1,6.57,Active,Alkaloids,0.5373072564368113,-1.0607566918400404
CHEMBL3220679,OCCSc1nc2c(Cl)cc(Cl)cc2[nH]1,6.16,Active,Alkaloids,0.4658355162620628,-1.319747866794457
CHEMBL3220680,OCCSc1nc2c(Br)cc(Br)cc2[nH]1,6.83,Active,Alkaloids,0.4866073752180819,-1.186552049814174
CHEMBL3220681,CN(C)CCSc1nc2c(Br)cc(Br)cc2[nH]1,6.51,Active,Alkaloids,0.44409088233930166,-1.4696533655162611
CHEMBL3220682,CCN(CC)CCSc1nc2c(Cl)cc(Cl)cc2[nH]1,7.39,Active,Alkaloids,0.37960553145216125,-1.6247750125021339
CHEMBL3220683,CCN(CC)CCSc1nc2c(Br)cc(Br)cc2[nH]1,7.54,Active,Alkaloids,0.40037739040818016,-1.491579195521851
CHEMBL3220684,CN(C)CCCSc1nc2c(Cl)cc(Cl)cc2[nH]1,7.07,Active,Alkaloids,0.47789434725380414,-1.6275564934289306
CHEMBL3220963,CN(C)CCCSc1nc2c(Br)cc(Br)cc2[nH]1,7.99,Active,Alkaloids,0.4986662062098233,-1.4943606764486472
CHEMBL3220964,Clc1cc(Cl)c2nc(SCCN3CCCCC3)[nH]c2c1,7.14,Active,Alkaloids,0.4517680451182655,-1.24037319628191
CHEMBL3220965,Brc1cc(Br)c2nc(SCCN3CCCCC3)[nH]c2c1,7.69,Active,Alkaloids,0.47253990407428487,-1.107177379301627
CHEMBL3220966,Clc1cc(Cl)c2nc(SCCN3CCOCC3)[nH]c2c1,7.29,Active,Alkaloids,0.7336765660843301,-1.1458985177989447
CHEMBL3220967,Brc1cc(Br)c2nc(SCCN3CCOCC3)[nH]c2c1,7.23,Active,Alkaloids,0.7544484250403487,-1.0127027008186615
CHEMBL3220968,O=[N+]([O-])c1ccc(CCSc2nc3c(Cl)cc(Cl)cc3[nH]2)cc1,8.0,Active,Alkaloids,-1.6774938527254475,-0.6423502374975608
CHEMBL3220969,O=[N+]([O-])c1ccc(CCSc2nc3c(Br)cc(Br)cc3[nH]2)cc1,8.48,Active,Alkaloids,-1.656721993769429,-0.509154420517278
CHEMBL323864,CN(/C(S)=N/N=C/c1ccc([N+](=O)[O-])s1)C1CCCCC1,4.74,Inactive,Other,-0.8972211085399192,1.257021858566327
CHEMBL324374,CCN(CC)/C(S)=N/N=C/c1ccc([N+](=O)[O-])s1,5.22,Active,Other,-1.2486900665839011,0.7655181431557675
CHEMBL3245220,CNCC1=CC[C@@H](N)[C@@H](O[C@H]2[C@H](O)[C@@H](O[C@H]3OC[C@](C)(O)[C@H](NC)[C@H]3O)[C@H](N)C[C@@H]2N)O1,,Inactive,Carbohydrates,2.8357909867724116,3.212962398051481
CHEMBL3245221,CN[C@@H]1[C@@H](O)[C@@H](O[C@@H]2[C@@H](O)[C@H](O[C@H]3OC(CNC(C)(C)C)=CC[C@H]3N)[C@@H](N)C[C@H]2N)OC[C@]1(C)O,,Inactive,Carbohydrates,2.9024367662144965,2.953335525638918
CHEMBL3245222,CN[C@@H]1[C@@H](O)[C@@H](O[C@@H]2[C@@H](O)[C@H](O[C@H]3OC(CNCCc4ccccc4)=CC[C@H]3N)[C@@H](N)C[C@H]2N)OC[C@]1(C)O,,Inactive,Carbohydrates,2.6712717594206183,3.2621067829863915
CHEMBL3245223,CN[C@@H]1[C@@H](O)[C@@H](O[C@@H]2[C@@H](O)[C@H](O[C@H]3OC(CNCCO)=CC[C@H]3N)[C@@H](N)C[C@H]2N)OC[C@]1(C)O,,Inactive,Carbohydrates,2.90939043310041,3.1589397710637215
CHEMBL3245225,CN[C@@H]1[C@@H](O)[C@@H](O[C@@H]2[C@@H](O)[C@H](O[C@H]3O[C@@H](CN)CC[C@H]3N)[C@@H](N)C[C@H]2N)OC[C@]1(C)O,,Inactive,Carbohydrates,2.6742636161209834,2.8373627505819203
CHEMBL3245226,CNC(C)[C@]1(O)CC[C@@H](N)[C@@H](O[C@H]2[C@H](O)[C@@H](O[C@H]3OC[C@](C)(O)[C@H](NC)[C@H]3O)[C@H](N)C[C@@H]2N)O1,,Inactive,Carbohydrates,2.8716683408569024,2.7471633876529316
CHEMBL3245227,CN[C@@H]1[C@@H](O)[C@@H](O[C@@H]2[C@@H](O)[C@H](O[C@H]3O[C@H](CN)[C@@H](O)[C@H](O)[C@H]3N)[C@@H](N)C[C@H]2N)OC[C@]1(C)O,,Inactive,Carbohydrates,2.510893003942695,2.7774077451977477
CHEMBL3245228,CN[C@@H]1[C@@H](O)[C@@H](O[C@@H]2[C@@H](O)[C@H](O[C@H]3O[C@H](C(C)N)[C@@H](O)[C@H](O)[C@H]3N)[C@@H](N)C[C@H]2N)OC[C@]1(C)O,,Inactive,Carbohydrates,2.294355371949765,2.933655798449091
CHEMBL3245229,CN[C@@H]1[C@@H](O)[C@@H](O[C@@H]2[C@@H](O)[C@H](O[C@H]3OC(CNOC)=CC[C@H]3N)[C@@H](N)C[C@H]2N)OC[C@]1(C)O,,Inactive,Carbohydrates,2.6616230837686325,3.0812901821381593
CHEMBL3245230,CN[C@@H]1[C@@H](O)[C@@H](O[C@@H]2[C@@H](O)[C@H](O[C@H]3OC(CNN)=CC[C@H]3N)[C@@H](N)C[C@H]2N)OC[C@]1(C)O,,Inactive,Carbohydrates,2.923589378352586,3.0435938051189027
CHEMBL3245231,CN[C@@H]1[C@@H](O)[C@@H](O[C@@H]2[C@@H](O)[C@H](O[C@H]3OC(CNN4CCOCC4)=CC[C@H]3N)[C@@H](N)C[C@H]2N)OC[C@]1(C)O,,Inactive,Carbohydrates,2.993607814593796,3.20483612272452
CHEMBL3245232,CN[C@@H]1[C@@H](O)[C@@H](O[C@@H]2[C@@H](O)[C@H](O[C@H]3OC(/C=N\OC)=CC[C@H]3N)[C@@H](N)C[C@H]2N)OC[C@]1(C)O,,Inactive,Carbohydrates,3.009392943754419,3.047747235909968
CHEMBL3245233,CN[C@@H]1[C@@H](O)[C@@H](O[C@@H]2[C@@H](O)[C@H](O[C@H]3OC(/C=N\N)=CC[C@H]3N)[C@@H](N)C[C@H]2N)OC[C@]1(C)O,,Inactive,Carbohydrates,2.9736645796970347,3.099893018129098
CHEMBL3245234,CC(=O)O.CN[C@@H]1[C@@H](O)[C@@H](O[C@@H]2[C@@H](O)[C@H](O[C@H]3OC(/C=N\O)=CC[C@H]3N)[C@@H](N)C[C@H]2N)OC[C@]1(C)O,,Inactive,Carbohydrates,2.8084814715768642,3.040051093124992
CHEMBL3245235,CN[C@@H]1[C@@H](O)[C@@H](O[C@@H]2[C@@H](O)[C@H](O[C@H]3OC(/C=N/N4CCOCC4)=CC[C@H]3N)[C@@H](N)C[C@H]2N)OC[C@]1(C)O,,Inactive,Carbohydrates,3.091805407720524,3.2103725696914927
CHEMBL325000,CCC(C)/N=C(\S)N/N=C/c1ccc([N+](=O)[O-])s1,5.2,Active,Other,-1.1157474003510275,0.8137193451712562
CHEMBL326359,CC(C)/N=C(\S)N/N=C/c1ccc([N+](=O)[O-])s1,5.23,Active,Other,-1.1999104547308308,0.7174449132953761
CHEMBL332475,O=[N+]([O-])c1ccc(/C=N/N=C(\S)NC2CCCC2)s1,5.4,Active,Other,-1.0208339064768863,1.2273927052570286
CHEMBL3401730,CCN(CC)CC(=O)Nc1ncc([N+](=O)[O-])s1,5.65,Active,Alkaloids,-1.512397175172306,-0.28402076602827186
CHEMBL3401731,O=C(CN1CCCC1)Nc1ncc([N+](=O)[O-])s1,5.21,Active,Alkaloids,-1.5146895711615502,0.14177525267451127
CHEMBL3401732,O=C(CN1CCCCC1)Nc1ncc([N+](=O)[O-])s1,5.69,Active,Alkaloids,-1.5229474689428593,0.1497083606080157
CHEMBL3401733,O=C(CN1CCOCC1)Nc1ncc([N+](=O)[O-])s1,6.52,Active,Alkaloids,-1.2327810501954861,0.23624993115747614
CHEMBL3401734,CCN(CC)CC(=O)Nc1nc2ccc([N+](=O)[O-])cc2s1,5.49,Active,Alkaloids,-1.9960714599499298,-0.7436612135649292
CHEMBL3401735,O=C(CN1CCCC1)Nc1nc2ccc([N+](=O)[O-])cc2s1,6.66,Active,Alkaloids,-1.9563383191871073,-0.29484774590401874
CHEMBL3401736,O=C(CN1CCCCC1)Nc1nc2ccc([N+](=O)[O-])cc2s1,5.46,Active,Alkaloids,-1.9645962169684175,-0.28691463797051403
CHEMBL3577369,CN(C)CCN1CC(=O)Nc2cc([N+](=O)[O-])ccc21.Cl,4.43,Inactive,Alkaloids,-1.5331437029675985,1.5135930944510345
CHEMBL3577370,CCN(CC)CCCN1CC(=O)Nc2cc([N+](=O)[O-])ccc21.Cl,4.41,Inactive,Alkaloids,-1.579194058331534,1.5331888910352371
CHEMBL3577371,Cl.O=C1CN(CCN2CCCCC2)c2ccc([N+](=O)[O-])cc2N1,4.51,Inactive,Alkaloids,-1.6093522776113034,1.8188498980472947
CHEMBL3577372,Cl.O=C1CN(CCCN2CCCCC2)c2ccc([N+](=O)[O-])cc2N1,4.74,Inactive,Alkaloids,-1.6068080373865898,1.8209778866530948
CHEMBL3577374,CN(C)CCN1CC(=O)N(C)c2cc([N+](=O)[O-])ccc21,4.29,Inactive,Alkaloids,-1.5288891803272766,1.377439000138524
CHEMBL3577375,CCN(CC)CCCN1CC(=O)N(C)c2cc([N+](=O)[O-])ccc21.Cl,4.49,Inactive,Alkaloids,-1.6073043406905483,1.423337455546275
CHEMBL3577376,CN1C(=O)CN(CCN2CCCCC2)c2ccc([N+](=O)[O-])cc21,4.52,Inactive,Alkaloids,-1.606715716874523,1.6282166806535592
CHEMBL3577378,CN1C(=O)CN(CCCO)c2ccc([N+](=O)[O-])cc21,4.22,Inactive,Alkaloids,-1.528000305766019,1.6395432469524276
CHEMBL3577379,O=C1Nc2cc([N+](=O)[O-])ccc2N2CCCOC12,4.38,Inactive,Alkaloids,-0.9721398756172942,2.0044006070302225
CHEMBL3577387,Cn1c(=O)c(=O)n(CCCCCCl)c2ccc([N+](=O)[O-])cc21,4.21,Inactive,Alkaloids,-2.12819659866499,0.7038678664988545
CHEMBL3577389,Cn1c(=O)c(=O)n(CCCCCCCl)c2ccc([N+](=O)[O-])cc21,4.59,Inactive,Alkaloids,-2.12819659866499,0.7038678664988545
CHEMBL3632690,CN(C)c1ccc(/C=C2\C[C@@]3(O)[C@H]4Cc5ccc(O)c6c5[C@@]3(CCN4CC3CC3)[C@@H](O6)C2=O)cc1,4.88,Inactive,Alkaloids,2.4149699329138348,3.1272392187571354
CHEMBL3758190,COc1ccccc1/C=C/C(=O)c1cccc(OCc2cn(CCC[Si]34OCCN(CCO3)CCO4)nn2)c1,4.37,Inactive,Phenylpropanoids,3.2123144327054023,-0.2788211112913865
CHEMBL3758207,COc1ccc(/C=C/C(=O)c2ccccc2OCc2cn(CCC[Si]34OCCN(CCO3)CCO4)nn2)c(OC)c1,4.66,Inactive,Phenylpropanoids,3.124891531310818,-0.6465838512507441
CHEMBL3758234,Cc1ccc(/C=C/C(=O)c2ccccc2OCc2cn(CCC[Si]34OCCN(CCO3)CCO4)nn2)cc1,4.3,Inactive,Phenylpropanoids,2.9900514938168334,0.1416352354247521
CHEMBL3758237,O=C(/C=C/c1ccc(Cl)cc1)c1ccc(OCc2cn(CCC[Si]34OCCN(CCO3)CCO4)nn2)cc1,4.66,Inactive,Phenylpropanoids,3.2155934537018402,-0.21380133416489167
CHEMBL3758387,COc1ccccc1/C=C/C(=O)c1ccccc1OCc1cn(CCC[Si]23OCCN(CCO2)CCO3)nn1,4.62,Inactive,Phenylpropanoids,3.0192168782198014,-0.16033330060511986
CHEMBL3758389,COc1ccc(/C=C/C(=O)c2ccccc2OCc2cn(CCC[Si]34OCCN(CCO3)CCO4)nn2)c(OC)c1OC,4.67,Inactive,Phenylpropanoids,3.1181168337987364,-0.41695692610265606
CHEMBL3758469,COc1ccc(/C=C/C(=O)c2ccc(OCc3cn(CCC[Si]45OCCN(CCO4)CCO5)nn3)cc2)cc1,4.67,Inactive,Phenylpropanoids,3.2715769554352434,-0.3246348166373449
CHEMBL3758662,O=C(/C=C/c1ccccc1)c1ccc(OCc2cn(CCC[Si]34OCCN(CCO3)CCO4)nn2)cc1,4.57,Inactive,Phenylpropanoids,3.122348741583282,0.15803083527641912
CHEMBL3758704,COc1ccc(/C=C/C(=O)c2cccc(OCc3cn(CCC[Si]45OCCN(CCO4)CCO5)nn3)c2)c(OC)c1,4.36,Inactive,Phenylpropanoids,3.285973665385976,-0.6201333769662505
CHEMBL3758729,O=C(/C=C/c1ccccc1)c1cccc(OCc2cn(CCC[Si]34OCCN(CCO3)CCO4)nn2)c1,4.18,Inactive,Phenylpropanoids,3.091783887092696,0.04223220705112035
CHEMBL3758750,O=C(/C=C/c1ccc(Cl)cc1)c1cccc(OCc2cn(CCC[Si]34OCCN(CCO3)CCO4)nn2)c1,4.25,Inactive,Phenylpropanoids,3.1986011430552024,-0.2795904758380753
CHEMBL3758786,Cc1ccc(/C=C/C(=O)c2ccc(OCc3cn(CCC[Si]45OCCN(CCO4)CCO5)nn3)cc2)cc1,4.61,Inactive,Phenylpropanoids,3.1313111610205753,-0.020969380139955147
CHEMBL3758799,COc1ccc(/C=C/C(=O)c2ccccc2OCc2cn(CCC[Si]34OCCN(CCO3)CCO4)nn2)cc1,4.57,Inactive,Phenylpropanoids,3.218632238207605,-0.25038478660187363
CHEMBL3758811,COc1ccc(/C=C/C(=O)c2ccc(OCc3cn(CCC[Si]45OCCN(CCO4)CCO5)nn3)cc2)c(OC)c1OC,4.74,Inactive,Phenylpropanoids,3.3129741807028616,-0.6117704660178036
CHEMBL3758917,COc1ccc(/C=C/C(=O)c2cccc(OCc3cn(CCC[Si]45OCCN(CCO4)CCO5)nn3)c2)c(OC)c1OC,4.38,Inactive,Phenylpropanoids,3.296256035928241,-0.5707718624526266
CHEMBL3759187,COc1ccccc1/C=C/C(=O)c1ccc(OCc2cn(CCC[Si]34OCCN(CCO3)CCO4)nn2)cc1,4.64,Inactive,Phenylpropanoids,3.242605121323971,-0.269810228304448
CHEMBL3759290,COc1ccc(/C=C/C(=O)c2cccc(OCc3cn(CCC[Si]45OCCN(CCO4)CCO5)nn3)c2)cc1,4.52,Inactive,Phenylpropanoids,3.29342545593801,-0.4293768368394001
CHEMBL3759393,O=C(/C=C/c1ccc(Cl)cc1)c1ccccc1OCc1cn(CCC[Si]23OCCN(CCO2)CCO3)nn1,4.65,Inactive,Phenylpropanoids,3.0743337864980997,-0.05119671860018489
CHEMBL3759497,O=C(/C=C/c1ccccc1)c1ccccc1OCc1cn(CCC[Si]23OCCN(CCO2)CCO3)nn1,4.63,Inactive,Phenylpropanoids,2.9765092744442825,0.23394844031277506
CHEMBL3760104,COc1ccc(/C=C/C(=O)c2ccc(OCc3cn(CCC[Si]45OCCN(CCO4)CCO5)nn3)cc2)c(OC)c1,4.64,Inactive,Phenylpropanoids,3.23143392823884,-0.7530428056366552
CHEMBL3792406,CN(C)C(=O)CCCn1c2ccc([N+](=O)[O-])cc2c(=O)n1Cc1ccccc1,4.31,Inactive,Alkaloids,-2.503349872984507,1.648599687732604
CHEMBL3792696,N#CCCCN1CCN(C(=S)SSC(=S)N2CCN(CCCC#N)CC2)CC1,,Active,Alkaloids,0.6687604553720848,0.5026610958136817
CHEMBL3792792,O=c1c2cc([N+](=O)[O-])ccc2n(CCCBr)n1Cc1ccccc1,4.1,Inactive,Alkaloids,-2.6867965471943265,1.859416191039946
CHEMBL3793005,O=c1c2cc([N+](=O)[O-])ccc2n(CCO)n1Cc1ccccc1,4.75,Inactive,Alkaloids,-2.541557973852515,1.8346024006863584
CHEMBL3793160,COC(=O)CN1c2ccc([N+](=O)[O-])cc2C(=O)N(Cc2ccccc2)C1C(=O)OC,4.24,Inactive,Alkaloids,-1.6018428941918488,1.7320789214220762
CHEMBL3793484,O=[N+]([O-])c1ccc2nn(Cc3ccccc3)c(OCCCO)c2c1,5.14,Active,Alkaloids,-2.327983368948691,0.7157959022517716
CHEMBL3793918,CCOC(=O)CCCOc1c2cc([N+](=O)[O-])ccc2nn1Cc1ccccc1,4.69,Inactive,Alkaloids,-2.2346895765493966,0.5156173772448562
CHEMBL3794364,O=[N+]([O-])c1ccc2nn(Cc3ccccc3)c(OCCCBr)c2c1,4.41,Inactive,Alkaloids,-2.410755601480063,0.6388769373073965
CHEMBL3794463,COC(=O)CCOc1c2cc([N+](=O)[O-])ccc2nn1Cc1ccccc1,4.37,Inactive,Alkaloids,-2.2812555683232567,0.34307795497318544
CHEMBL3794576,O=[N+]([O-])c1ccc2nn(Cc3ccccc3)c(OCCBr)c2c1,4.19,Inactive,Alkaloids,-2.3559780390267075,0.6904909756257875
CHEMBL381718,Nc1ncnc2c1ncn2[C@@H]1O[C@H](/C=C/I)[C@@H](O)[C@H]1O,4.22,Inactive,Carbohydrates,1.5629576238211365,0.5358099028412209
CHEMBL3883610,Cc1ncc([N+](=O)[O-])n1CC(O)CSC(=S)N1CCN(c2ccccc2)CC1,,Active,Alkaloids,-1.082307511772764,0.9108347549303164
CHEMBL389272,FC(F)(F)c1nc2cc(Br)c(Br)cc2[nH]1,6.66,Active,Alkaloids,0.5233655162293064,-1.3925585998676686
CHEMBL3893427,O=C(NCc1ccccn1)c1ncc([N+](=O)[O-])[nH]1,5.15,Active,Alkaloids,-1.2652371187359643,-0.17364553223926438
CHEMBL38938,Cc1ncc([N+](=O)[O-])n1C,6.15,Active,Alkaloids,-1.3317462450167088,0.227011151183653
CHEMBL3895148,Cn1c([N+](=O)[O-])cnc1C(=O)NCc1ccccn1,5.85,Active,Alkaloids,-1.2417892094950809,-0.06317864552158674
CHEMBL3904079,Cn1c([N+](=O)[O-])cnc1C(=O)N1CCOCC1,6.24,Active,Alkaloids,-0.8428710046104181,0.3797448477778958
CHEMBL3905134,Cn1c([N+](=O)[O-])cnc1C(=O)NC1CCCCC1,4.97,Inactive,Alkaloids,-1.0798824667350189,0.43506680650134594
CHEMBL3911410,O=C(NC1CC1)c1ncc([N+](=O)[O-])[nH]1,5.36,Active,Alkaloids,-1.0350092374028426,0.2605676530151496
CHEMBL3912484,CN(C)C(=O)c1ncc([N+](=O)[O-])[nH]1,5.63,Active,Alkaloids,-1.1810677405031866,-0.20954387447231082
CHEMBL3913663,Cn1c([N+](=O)[O-])cnc1C(=O)NC1CC1,5.96,Active,Alkaloids,-1.0324191203523452,0.375914509327417
CHEMBL3921443,Cc1ccc(CCNC(=O)c2ncc([N+](=O)[O-])[nH]2)cc1,5.92,Active,Alkaloids,-1.4696454964856902,-0.17151800669560077
CHEMBL3923122,CN(C)C(=O)c1ncc([N+](=O)[O-])n1C,5.89,Active,Alkaloids,-1.1837458905799776,-0.023972142039877478
CHEMBL3930399,O=C(NC1CCCCC1)c1ncc([N+](=O)[O-])[nH]1,5.62,Active,Alkaloids,-1.0824725837855167,0.3197199501890787
CHEMBL3932073,Cn1c([N+](=O)[O-])cnc1C(=O)N1CCCC1,5.77,Active,Alkaloids,-1.1159808063978978,0.2740723468258094
CHEMBL3939388,O=C(c1ncc([N+](=O)[O-])[nH]1)N1CCCC1,5.77,Active,Alkaloids,-1.1504779455940959,0.25497705756775685
CHEMBL3940020,O=C(NCc1ccc(OC(F)(F)F)cc1)c1ncc([N+](=O)[O-])[nH]1,5.66,Active,Alkaloids,-1.2103623435170798,-0.3680479263312296
CHEMBL3947461,COc1cccc(CNC(=O)c2ncc([N+](=O)[O-])n2C)c1,5.09,Active,Alkaloids,-1.0908426168128273,-0.0764743965115141
CHEMBL3956327,O=C(NCc1cccc(OC(F)(F)F)c1)c1ncc([N+](=O)[O-])[nH]1,5.72,Active,Alkaloids,-1.2736246498470103,-0.3219999189093617
CHEMBL3958096,Cc1ccc(CCNC(=O)c2ncc([N+](=O)[O-])n2C)cc1,5.09,Active,Alkaloids,-1.4742009363485227,0.005702188993691076
CHEMBL3959133,COc1ccc(CNC(=O)c2ncc([N+](=O)[O-])n2C)cc1,4.88,Inactive,Alkaloids,-1.03564545820184,-0.3439766347466395
CHEMBL3963237,Cn1c([N+](=O)[O-])cnc1C(=O)NCc1ccc(F)cc1,5.28,Active,Alkaloids,-1.3239855325052226,-0.09576654126442369
CHEMBL3982388,O=C(c1ncc([N+](=O)[O-])[nH]1)N1CCOCC1,5.54,Active,Alkaloids,-0.8773681438066171,0.3606495585198432
CHEMBL3983345,CNC(=O)c1ncc([N+](=O)[O-])[nH]1,5.07,Active,Alkaloids,-1.152010816883891,-0.1629621196273296
CHEMBL3983955,O=C(NCc1ccc(F)cc1)c1ncc([N+](=O)[O-])[nH]1,5.64,Active,Alkaloids,-1.306348270093902,-0.15925446290626016
CHEMBL3984994,CC(NC(=O)c1ncc([N+](=O)[O-])[nH]1)c1ccc(F)cc1,6.23,Active,Alkaloids,-1.160975641583855,-0.3156912816695248
CHEMBL3986798,CC(NC(=O)c1ncc([N+](=O)[O-])n1C)c1ccc(F)cc1,5.42,Active,Alkaloids,-1.1877265701328843,-0.19320708602750206
CHEMBL402346,COc1ccc2[nH]c(-c3ccc(OCCCCCOc4ccc(-c5nc6cc(OC)ccc6[nH]5)cc4OC)c(OC)c3)nc2c1,5.2,Active,Alkaloids,0.8379909592503819,-1.7134645343671413
CHEMBL403651,c1ccc2[nH]c(-c3ccc(OCCCCCOc4ccc(-c5nc6ccccc6[nH]5)cc4)cc3)nc2c1,5.5,Active,Alkaloids,0.7847673659481558,-1.0586990043560403
CHEMBL404658,Nc1ncnc2c1ncn2[C@@H]1O[C@H](CCl)[C@@H](O)[C@H]1O,4.27,Inactive,Carbohydrates,1.2293912736814465,0.6933256808277769
CHEMBL4061882,O=C1/C(=C/c2ccc(C(F)(F)F)cc2)C[C@@]2(O)[C@H]3Cc4ccc(O)c5c4[C@@]2(CCN3CC2CC2)[C@H]1O5,4.86,Inactive,Alkaloids,2.4437790768959773,3.1205682360576845
CHEMBL4062705,CC(C)(Oc1ccc(Cl)cc1)C(=O)Nc1ncc([N+](=O)[O-])s1,7.5,Active,Alkaloids,-1.2644033892715376,-0.6664387800637613
CHEMBL4065457,O=[N+]([O-])c1cncs1,4.28,Inactive,Alkaloids,-1.2559968286089505,0.11879408267723839
CHEMBL4066775,O=C1/C(=C/c2cccs2)C[C@@]2(O)[C@H]3Cc4ccc(O)c5c4[C@@]2(CCN3CC2CC2)[C@H]1O5,4.67,Inactive,Alkaloids,2.1591289343846687,3.1349117618286755
CHEMBL4070277,O=C1/C(=C/c2ccc(Cl)cc2)C[C@@]2(O)[C@H]3Cc4ccc(O)c5c4[C@@]2(CCN3CC2CC2)[C@H]1O5,4.9,Inactive,Alkaloids,2.4042213308110343,3.006436685961113
CHEMBL4071324,O=C1/C(=C/c2ccc(Br)cc2)C[C@@]2(O)[C@H]3Cc4ccc(O)c5c4[C@@]2(CCN3CC2CC2)[C@H]1O5,4.95,Inactive,Alkaloids,2.357241039245973,3.2383602703349608
CHEMBL4071348,CC(C)Cc1ccc(C(C)C(=O)Nc2ncc([N+](=O)[O-])s2)cc1,7.35,Active,Alkaloids,-1.6251399506145014,-0.20567338702401014
CHEMBL408049,Nc1ncc([N+](=O)[O-])s1,4.28,Inactive,Peptides,-1.3577602444850532,0.09611245389964623
CHEMBL4081053,O=C1/C(=C/c2cccc(F)c2)C[C@@]2(O)[C@H]3Cc4ccc(O)c5c4[C@@]2(CCN3CC2CC2)[C@H]1O5,4.85,Inactive,Alkaloids,2.3624634123264037,3.098743751447377
CHEMBL4084390,COc1ccc2c(c1)c(CC(=O)Nc1ncc([N+](=O)[O-])s1)c(C)n2C(=O)c1ccc(Cl)cc1,6.87,Active,Alkaloids,-1.4204009121879573,-0.7753235964777515
CHEMBL4089193,N#Cc1ccc(/C=C2\C[C@@]3(O)[C@H]4Cc5ccc(O)c6c5[C@@]3(CCN4CC3CC3)[C@@H](O6)C2=O)cc1,4.88,Inactive,Alkaloids,2.2665753254598435,3.3332685297130515
CHEMBL4092119,O=C1/C(=C/c2ccc(I)cc2)C[C@@]2(O)[C@H]3Cc4ccc(O)c5c4[C@@]2(CCN3CC2CC2)[C@H]1O5,4.98,Inactive,Alkaloids,2.4496258602359657,3.2762484999280956
CHEMBL4092145,COc1ccc2cc([C@H](C)C(=O)Nc3ncc([N+](=O)[O-])s3)ccc2c1,6.79,Active,Alkaloids,-1.2593074476474815,-0.8630122210075911
CHEMBL4096636,N#Cc1cccc(/C=C2\C[C@@]3(O)[C@H]4Cc5ccc(O)c6c5[C@@]3(CCN4CC3CC3)[C@@H](O6)C2=O)c1,4.75,Inactive,Alkaloids,2.1952988572267422,3.239982241066679
CHEMBL4100836,O=C(Cc1ccccc1Nc1c(Cl)cccc1Cl)Nc1ncc([N+](=O)[O-])s1,6.66,Active,Alkaloids,-1.4994761259912988,-0.34508353689653193
CHEMBL4104363,O=C1/C(=C/c2ccnc3ccccc23)C[C@@]2(O)[C@H]3Cc4ccc(O)c5c4[C@@]2(CCN3CC2CC2)[C@H]1O5,4.76,Inactive,Alkaloids,2.4275847905514767,2.591829746429227
CHEMBL4105306,O=C1/C(=C/c2ccccc2F)C[C@@]2(O)[C@H]3Cc4ccc(O)c5c4[C@@]2(CCN3CC2CC2)[C@H]1O5,4.73,Inactive,Alkaloids,2.283648948562995,2.9889168527432664
CHEMBL413029,C[C@@H]1CC(=O)C2=C(CC[C@]3(O)[C@H]2C(=O)c2cccc(O)c2[C@@H]3O)C1,,Inactive,Polyketides,1.2180681693952167,1.2337819269546695
CHEMBL4161194,COc1cc(O)c2c(c1C)[C@](C)(O)[C@H](C)OC2=O,,Inactive,Phenylpropanoids,1.2969658098356618,1.0018725978969159
CHEMBL4164615,COc1cc(O)c2c(c1C)[C@H](C)[C@](O)(CSCC(O)C(=O)O)OC2=O,,Inactive,Phenylpropanoids,1.5510356041166322,0.8399548624533957
CHEMBL4165027,COc1cc(O)c2c(c1C)[C@H](C)[C@](O)(C[S+](C)[O-])OC2=O,,Inactive,Phenylpropanoids,1.1306771591251972,1.142393789758029
CHEMBL4166106,Cc1c(O)cc(O)c2c1[C@H](C)[C@](O)(CO)OC2=O,,Inactive,Phenylpropanoids,1.0689080914486708,1.1626353907909648
CHEMBL4171803,COc1cc(O)c2c(c1C)[C@H](C)[C@](O)(CO)OC2=O,,Inactive,Phenylpropanoids,1.4250176719181715,1.1589387003228755
CHEMBL4172920,COc1cc(O)c2c(c1C)[C@H](C)[C@](O)(COC(=O)c1c(O)cc(O)c(C)c1C)OC2=O,,Inactive,Phenylpropanoids,1.3329765646715503,0.9704671944670368
CHEMBL4175246,COc1cc(OC)c2c(c1C)[C@](C)(O)[C@H](C)OC2=O,,Inactive,Phenylpropanoids,1.177375415686561,0.8181515320238781
CHEMBL4176729,COc1cc(O)c2c(c1C)[C@H](C)[C@H](CO)OC2=O,,Inactive,Phenylpropanoids,1.0874058191660794,0.980129820010453
CHEMBL4202744,CSc1nc2cc(C(=O)Nc3cccc(C)n3)c(Cl)cc2n1C,7.54,Active,Alkaloids,0.4562777573310867,-2.0141372853218362
CHEMBL4203032,CSc1nc2cc(C(=O)Nc3cccc(C)n3)c(Cl)cc2[nH]1,6.95,Active,Alkaloids,0.4419950139862929,-2.1780163287566383
CHEMBL4205808,CSc1nc2cc(C(=O)Nc3ccccn3)c(Cl)cc2[nH]1,7.17,Active,Alkaloids,0.5477819601664228,-2.2118436916709108
CHEMBL4206155,CSc1nc2cc(C(=O)Nc3ccc([N+](=O)[O-])cn3)c(Cl)cc2n1C,7.39,Active,Alkaloids,-1.3350535955576397,-1.2355392227019006
CHEMBL4208693,CSc1nc2cc(C(=O)Nc3ccccc3)c(Cl)cc2[nH]1,6.92,Active,Alkaloids,0.42336920236628417,-2.1998143507344174
CHEMBL4210015,CSc1nc2cc(C(=O)Nc3ccccn3)c(Cl)cc2n1C,7.92,Active,Alkaloids,0.5620647035112166,-2.0479646482361096
CHEMBL4212043,CSc1nc2cc(C(=O)NNC(=O)OC(C)(C)C)c(Cl)cc2n1C,7.55,Active,Alkaloids,0.7673671336621397,-1.9106775057824192
CHEMBL4213092,CSc1nc2cc(C(=O)Nc3cccc(Cl)c3)c(Cl)cc2[nH]1,6.79,Active,Alkaloids,0.6342586508065866,-2.304532427875922
CHEMBL4213631,CSc1nc2cc(C(=O)Nc3cccc(C)c3)c(Cl)cc2[nH]1,6.29,Active,Alkaloids,0.5176051065554965,-2.2543827203468214
CHEMBL4214402,CSc1nc2cc(C(=O)Nc3cccc(Cl)n3)c(Cl)cc2n1C,6.43,Active,Alkaloids,0.6393059464819308,-2.0717458016206365
CHEMBL4216112,CSc1nc2cc(C(=O)Nc3cccc(Cl)n3)c(Cl)cc2[nH]1,6.89,Active,Alkaloids,0.6250232031371371,-2.235624845055439
CHEMBL4217508,CSc1nc2cc(C(=O)N/N=C/c3ccc([N+](=O)[O-])o3)c(Cl)cc2n1C,7.88,Active,Alkaloids,-0.5674093442839955,-0.8675507794508062
CHEMBL4276974,O=C1C(=O)N(CCN2C(=O)C(=O)c3cc(Cl)ccc32)c2ccc(Cl)cc21,4.82,Inactive,Alkaloids,0.4945036991378237,0.30675565080472555
CHEMBL4279419,O=C1C(=O)N(CCCCN2C(=O)C(=O)c3cc(Br)ccc32)c2ccc(Br)cc21,4.6,Inactive,Alkaloids,0.5014538026225765,0.5583519999049567
CHEMBL4289798,O=C1C(=O)N(CCCN2C(=O)C(=O)c3cc(F)ccc32)c2ccc(F)cc21,4.9,Inactive,Alkaloids,0.42226619453531494,0.5859425917612984
CHEMBL4290102,O=C1C(=O)N(CCCN2C(=O)C(=O)c3cc(Br)ccc32)c2ccc(Br)cc21,5.43,Active,Alkaloids,0.5071073719305372,0.6875823158327912
CHEMBL442446,C[C@@H]1CC(=O)C2=C(C3OC3[C@]3(O)[C@H]2C(=O)c2cccc(O)c2[C@@H]3O)[C@H]1O,,Inactive,Polyketides,1.416216501705676,1.4835603599105978
CHEMBL444221,CC(O)c1nc2cc(Cl)c(Cl)cc2n1C,7.39,Active,Alkaloids,0.5524597080039384,-1.4073112192910955
CHEMBL4450630,O=[N+]([O-])c1c(CS(=O)(=O)c2ccccc2)nc2c(Sc3ccc(Br)cc3)cc(Cl)cn12,5.34,Active,Phenylpropanoids,-1.3116111281499063,0.14984108702033475
CHEMBL445476,CC(=O)c1nc2ccc(Cl)cc2n1C,6.64,Active,Alkaloids,0.3957585437681276,-1.5102694507914953
CHEMBL445790,CC(=O)c1nc2ccccc2n1C,6.68,Active,Alkaloids,0.48931296372265237,-0.928137373536695
CHEMBL446985,Cn1c(C(N)=O)nc2ccccc21,6.78,Active,Alkaloids,0.5389473600489761,-0.923668334423729
CHEMBL452117,Cn1c(C(N)=O)nc2ccc(Cl)cc21,6.96,Active,Alkaloids,0.4453929400944512,-1.5058004116785286
CHEMBL452467,Cc1nc(CS(=O)(=O)c2ccc(Br)cc2)c([N+](=O)[O-])n1C,6.18,Active,Alkaloids,-1.5186314112100567,0.09182538305776561
CHEMBL4528506,O=C(/C=C/c1ccc2c(c1)OCO2)Nc1ccc2c(c1)B(O)OC2,4.64,Inactive,Phenylpropanoids,1.3415201401251395,0.200132979973489
CHEMBL4534157,O=[N+]([O-])c1c(CS(=O)(=O)c2ccccc2)nc2c(Sc3ccc(Cl)cc3)cc(Cl)cn12,5.34,Active,Phenylpropanoids,-1.2729549483784304,0.10956384157290615
CHEMBL454026,Cn1cncc1[N+](=O)[O-],6.2,Active,Alkaloids,-1.250510515024173,0.1393256265486959
CHEMBL454032,CC(O)c1nc2ccc(Cl)cc2n1C,6.96,Active,Alkaloids,0.5688457999879283,-1.340606302764668
CHEMBL4571358,O=C(c1ccc(O)cc1)C(c1c(O)c2ccccc2oc1=O)N1CCCCC1,4.53,Inactive,Phenylpropanoids,1.1543556903119543,0.8309947280326709
CHEMBL457937,CCOC(=O)c1nc2ccccc2n1C,7.07,Active,Alkaloids,0.603211565579906,-0.8572831592096958
CHEMBL457954,CC(=O)c1nc2cc(Cl)c(Cl)cc2n1C,7.2,Active,Alkaloids,0.37937245178413737,-1.576974367317922
CHEMBL457955,CNC(=O)c1nc2ccccc2n1C,6.96,Active,Alkaloids,0.5103111245058275,-1.0245121456908108
CHEMBL457956,CC(O)c1nc2ccccc2n1C,6.78,Active,Alkaloids,0.6624002199424531,-0.7584742255098683
CHEMBL458035,Cn1c(C(N)=O)nc2cc(Cl)c(Cl)cc21,6.87,Active,Alkaloids,0.4290068481104609,-1.5725053282049561
CHEMBL459379,CNC(=O)c1nc2ccc(Cl)cc2n1C,6.98,Active,Alkaloids,0.41675670455130276,-1.6066442229456108
CHEMBL459380,CCOC(=O)c1nc2ccc(Cl)cc2n1C,7.72,Active,Alkaloids,0.5096571456253812,-1.4394152364644959
CHEMBL460007,CNC(=O)c1nc2cc(Cl)ccc2n1C,6.45,Active,Alkaloids,0.3661764466141254,-1.5895205098659102
CHEMBL460016,CN(C)C(=O)c1nc2cc(Cl)c(Cl)cc2n1C,7.12,Active,Alkaloids,0.41736457950649475,-1.6535358755274852
CHEMBL460094,CN(C)C(=O)c1nc2cc(Cl)ccc2n1C,6.68,Active,Alkaloids,0.38317041355330755,-1.5697072459213566
CHEMBL460218,CCOC(=O)c1nc2cc(Cl)ccc2n1C,7.57,Active,Alkaloids,0.4590768876882037,-1.4222915233847946
CHEMBL460219,CCOC(=O)c1nc2cc(Cl)c(Cl)cc2n1C,7.53,Active,Alkaloids,0.493271053641391,-1.506120152990923
CHEMBL460427,CC(O)c1nc2cc(Cl)ccc2n1C,7.02,Active,Alkaloids,0.518265542050751,-1.323482589684967
CHEMBL4745215,CNCCOc1nn(Cc2ccccc2)c2ccc([N+](=O)[O-])cc12.Cl,4.13,Inactive,Alkaloids,-2.496144689183672,0.9563290062209523
CHEMBL4746947,O=C1c2ccccc2C(=O)N1CCCOc1nn(Cc2ccccc2)c2ccc([N+](=O)[O-])cc12,4.15,Inactive,Alkaloids,-2.529973462736376,1.3406498735219285
CHEMBL4756651,Cl.O=[N+]([O-])c1ccc2c(c1)c(OCCCCCN1CCCCC1)nn2Cc1ccccc1,4.16,Inactive,Alkaloids,-2.5044316197864744,1.0227138496372696
CHEMBL475980,Cn1cnc(CS(=O)(=O)c2ccccc2)c1[N+](=O)[O-],6.7,Active,Alkaloids,-1.5699497376419849,0.5276050182237906
CHEMBL475999,Cc1nc(CS(=O)(=O)c2ccccc2)c([N+](=O)[O-])n1CCO,5.81,Active,Alkaloids,-1.5012648182773318,0.7408026841351438
CHEMBL476000,Cc1ccc(S(=O)(=O)Cc2nc(C)n(CCO)c2[N+](=O)[O-])cc1,7.17,Active,Alkaloids,-1.4718800142179702,0.6047452715535493
CHEMBL4761615,CNCCCCCOc1nn(Cc2ccccc2)c2ccc([N+](=O)[O-])cc12.Cl,6.3,Active,Alkaloids,-2.4007640321600183,0.9163007586300965
CHEMBL476168,Cc1ccc(S(=O)(=O)Cc2nc(C)n(CC(C)O)c2[N+](=O)[O-])cc1,6.91,Active,Alkaloids,-1.4097512470858407,0.5700494678502495
CHEMBL476203,Cc1ccc(S(=O)(=O)Cc2ncn(C)c2[N+](=O)[O-])cc1,6.81,Active,Alkaloids,-1.581627147446186,0.3989327445719855
CHEMBL476590,Cc1nc(CS(=O)(=O)c2ccc(Cl)cc2)c([N+](=O)[O-])n1CC(C)O,6.13,Active,Alkaloids,-1.3576896187745626,0.32510794202286586
CHEMBL476591,Cc1nc(CS(=O)(=O)c2ccc(Br)cc2)c([N+](=O)[O-])n1CC(C)O,6.38,Active,Alkaloids,-1.404669910339624,0.5570315263967123
CHEMBL476795,Cc1nc(CS(=O)(=O)c2ccc(F)cc2)c([N+](=O)[O-])n1CC(C)O,5.62,Active,Alkaloids,-1.3760426151606997,0.44716512226728494
CHEMBL477233,Cc1nc(CS(=O)(=O)c2ccc(Cl)cc2)c([N+](=O)[O-])n1C,6.04,Active,Alkaloids,-1.4716511196449948,-0.1400982013160809
CHEMBL477236,Cc1ccc(S(=O)(=O)Cc2nc(C)n(C)c2[N+](=O)[O-])cc1,6.45,Active,Alkaloids,-1.523712747956273,0.10484332451130285
CHEMBL478062,Cn1cnc(CS(=O)(=O)c2ccc(Cl)cc2)c1[N+](=O)[O-],6.8,Active,Alkaloids,-1.4885033052713457,0.14660607981481222
CHEMBL478253,Cc1nc(CS(=O)(=O)c2ccc(Br)cc2)c([N+](=O)[O-])n1CCO,5.79,Active,Alkaloids,-1.4667986774717545,0.5917273301000119
CHEMBL478263,Cn1cnc(CS(=O)(=O)c2ccc(Br)cc2)c1[N+](=O)[O-],6.41,Active,Alkaloids,-1.535483596836407,0.37852966418865874
CHEMBL478264,Cc1nc(CS(=O)(=O)c2ccccc2)c([N+](=O)[O-])n1C,6.62,Active,Alkaloids,-1.5530975520156347,0.2409007370928976
CHEMBL478465,Cc1nc(CS(=O)(=O)c2ccc(F)cc2)c([N+](=O)[O-])n1CCO,5.76,Active,Alkaloids,-1.4381713822928293,0.48186092597058455
CHEMBL4789562,Cc1ncc([N+](=O)[O-])n1CCOC(=O)Nc1ccccc1,7.05,Active,Alkaloids,-1.2294041834116631,0.4412361187103276
CHEMBL479102,Cc1nc(CS(=O)(=O)c2ccc(F)cc2)c([N+](=O)[O-])n1C,5.59,Active,Alkaloids,-1.4900041160311321,-0.018041021071661795
CHEMBL4795052,CN(C)CCCOc1nn(Cc2ccccc2)c2ccc([N+](=O)[O-])cc12.Cl,4.2,Inactive,Alkaloids,-2.518161305572197,0.8896571597958073
CHEMBL4795404,Cl.NCCOc1nn(Cc2ccccc2)c2ccc([N+](=O)[O-])cc12,4.84,Inactive,Alkaloids,-2.4790308126872893,0.977660173886738
CHEMBL4797147,Cc1ncc([N+](=O)[O-])n1CCOC(=O)NC1CCCCC1,7.22,Active,Alkaloids,-0.9496155146793385,0.9342888053875643
CHEMBL480,Cc1c(OCC(F)(F)F)ccnc1C[S+]([O-])c1nc2ccccc2[nH]1,6.91,Active,Alkaloids,0.6054910942868793,-1.0376213279037318
CHEMBL4871319,Cc1ncc([N+](=O)[O-])n1CCn1cc(CN2C(=O)/C(=N\NC(N)=S)c3ccccc32)nn1,6.22,Active,Alkaloids,-0.3607358169054599,1.2287280862118541
CHEMBL49935,Nc1ncnc2c1ncn2[C@@H]1C[C@H](CO)[C@@H](O)[C@H]1O,5.0,Inactive,Carbohydrates,1.329194029734767,0.7104051668316081
CHEMBL500857,Cn1c(C(N)=O)nc2cc(Cl)ccc21,6.73,Active,Alkaloids,0.39481268215727383,-1.488676698598828
CHEMBL501597,CN(C)C(=O)c1nc2ccc(Cl)cc2n1C,6.62,Active,Alkaloids,0.4337506714904851,-1.5868309590010576
CHEMBL509963,CNC(=O)c1nc2cc(Cl)c(Cl)cc2n1C,6.65,Active,Alkaloids,0.3941575496109484,-1.6464216023886429
CHEMBL514712,Cc1nc(CS(=O)(=O)c2ccccc2)c([N+](=O)[O-])n1CC(C)O,6.21,Active,Alkaloids,-1.4391360511452016,0.7061068804318441
CHEMBL516425,Cc1nc(CS(=O)(=O)c2ccc(Cl)cc2)c([N+](=O)[O-])n1CCO,7.36,Active,Alkaloids,-1.4198183859066926,0.35980374572616547
CHEMBL516574,Cn1cnc(CS(=O)(=O)c2ccc(F)cc2)c1[N+](=O)[O-],6.48,Active,Alkaloids,-1.5068563016574825,0.26866326005923136
CHEMBL525074,CC(=O)c1nc2cc(Cl)ccc2n1C,6.88,Active,Alkaloids,0.3451782858309504,-1.4931457377117932
CHEMBL525997,CN(C)C(=O)c1nc2ccccc2n1C,6.37,Active,Alkaloids,0.5273050914450097,-1.0046988817462577
CHEMBL540170,Cc1nc([N+](=O)[O-])cn1CC(=O)Nc1ccccc1,4.61,Inactive,Alkaloids,-1.3037447330999137,-0.2402759111482316
CHEMBL540171,Cc1nc([N+](=O)[O-])cn1CC(=O)Nc1c(Cl)cccc1Cl,4.43,Inactive,Alkaloids,-1.285039520902524,-0.5250185791722267
CHEMBL540243,Cc1nc([N+](=O)[O-])cn1S(=O)(=O)c1ccccc1,4.9,Inactive,Alkaloids,-1.4531730289637719,0.16885407091235316
CHEMBL541487,Cc1nc([N+](=O)[O-])cn1CC(=O)NCc1ccccc1,5.1,Active,Alkaloids,-1.4512515212319756,0.058285097199601
CHEMBL541490,Cc1nc([N+](=O)[O-])cn1S(=O)(=O)c1ccc(F)cc1,4.94,Inactive,Alkaloids,-1.3900795929792695,-0.09008768725220624
CHEMBL55,N=C(N)c1ccc(OCCCCCOc2ccc(C(=N)N)cc2)cc1,5.42,Active,Alkaloids,0.8155130838913386,-0.2110367974473383
CHEMBL550156,Cc1nc([N+](=O)[O-])cn1CC(=O)Nc1ccc(Cl)cc1,5.04,Active,Alkaloids,-1.190532065206526,-0.700665786285103
CHEMBL550241,Cc1nc([N+](=O)[O-])cn1CC(=O)Nc1ccc(F)cc1,5.25,Active,Alkaloids,-1.2088850615926634,-0.578608606040684
CHEMBL550447,CC(=O)Nc1ccc(S(=O)(=O)n2cc([N+](=O)[O-])nc2C)cc1,5.06,Active,Alkaloids,-1.3595624825466872,-0.36935049074525184
CHEMBL550508,Cc1nc([N+](=O)[O-])cn1S(=O)(=O)c1ccc([N+](=O)[O-])cc1,5.53,Active,Other,-1.845758388776943,0.33498912647702095
CHEMBL551800,Cc1ccc(S(=O)(=O)n2cc([N+](=O)[O-])nc2C)cc1,5.0,Inactive,Alkaloids,-1.4237882249044098,0.03279665833075863
CHEMBL555070,COc1ccc(S(=O)(=O)n2cc([N+](=O)[O-])nc2C)cc1,5.08,Active,Alkaloids,-1.0984789365397554,-0.09960541434724157
CHEMBL558503,Cc1nc([N+](=O)[O-])cn1S(=O)(=O)c1ccc(Cl)cc1,5.12,Active,Alkaloids,-1.3717265965931327,-0.21214486749662528
CHEMBL56234,FC(F)(F)c1nc2cc(Cl)c(Cl)cc2[nH]1,6.63,Active,Alkaloids,0.5436241413769949,-1.703729073895606
CHEMBL562514,Cc1nc([N+](=O)[O-])cn1CC(=O)Nc1ccc([N+](=O)[O-])cc1,5.18,Active,Other,-1.6645638573903363,-0.1535317923114568
CHEMBL564658,Cc1nc([N+](=O)[O-])cn1CC(=O)Nc1ccc(C#N)cc1,4.85,Inactive,Alkaloids,-1.3021077712358873,-0.3268300958240007
CHEMBL56473,Cn1c(C(F)(F)F)nc2cc(Cl)ccc21,6.62,Active,Alkaloids,0.4266453078572476,-1.5792614174045199
CHEMBL570535,Cc1nc([N+](=O)[O-])cn1CC(=O)Nc1cccc(C(F)(F)F)c1,4.17,Inactive,Alkaloids,-1.1247389452111514,-0.5261513694292024
CHEMBL588619,C=C[C@H]1CN2CC[C@H]1C[C@@H]2[C@@H](O)c1ccnc2ccccc12,,Inactive,Alkaloids,1.049767466957289,0.3549353177782195
CHEMBL72928,Nc1ncnc2c1ncn2[C@@H]1O[C@H](CO)[C@@H](F)[C@H]1O,5.79,Active,Carbohydrates,1.275747701446634,0.6782870328395333
CHEMBL76,CCN(CC)CCCC(C)Nc1ccnc2cc(Cl)ccc12,4.52,Inactive,Alkaloids,0.5837724862543497,-1.1774292579880885
CHEMBL99254,NCCNc1ccnc2cc(Cl)ccc12,4.64,Inactive,Alkaloids,0.7990961882320032,-0.9857211904519488
CHEMBL372992,c1ccc(CNc2ccc3nccnc3c2)cc1,,Inactive,Alkaloids,0.3137431925000679,-0.8635815175803996
CHEMBL382427,O=C(Nc1ccc2nccnc2c1)c1ccc(Br)o1,,Inactive,Alkaloids,0.49876208481308937,-1.341227907625005
CHEMBL202245,CCc1ccc(OCc2ccccc2NC(=O)c2ccc3nc(-c4ccccc4)c(-c4ccccc4)nc3c2)cc1,,Inactive,Alkaloids,0.6712020592638778,-1.6370980014852443
CHEMBL204793,CCc1ccc(OCc2ccccc2NC(=O)c2ccc3nc(C)cnc3c2)cc1,,Inactive,Alkaloids,0.6633505817409304,-1.554666413137009
CHEMBL203040,CCc1ccc(OCc2ccccc2NC(=O)c2ccc3nccnc3c2)cc1,,Inactive,Alkaloids,0.7244174705610961,-1.582844912395979
CHEMBL205182,CCc1ccc(OCc2ccccc2NC(=O)c2ccc3nc(C)c(C)nc3c2)cc1,,Inactive,Alkaloids,0.6037009046624551,-1.6778994174810196
CHEMBL205181,O=C(Nc1cccc2c1oc1ccccc12)c1ccc2nc(-c3ccccc3)c(-c3ccccc3)nc2c1,,Inactive,Other,0.8946595273074986,-1.0256268462127893
CHEMBL381402,CCn1c2ccccc2c2cc(NC(=O)c3ccc4nccnc4c3)ccc21,,Inactive,Alkaloids,0.40491173410889936,-1.27028427548716
CHEMBL204238,CCn1c2ccccc2c2cc(N(C(=O)c3ccc4nc(-c5ccccc5)c(-c5ccccc5)nc4c3)C(=O)c3ccc4nc(-c5ccccc5)c(-c5ccccc5)nc4c3)ccc21,,Inactive,Alkaloids,0.35749327286662225,-0.9088672012532875
CHEMBL202486,CCn1c2ccccc2c2cc(NC(=O)c3ccc4nc(-c5ccccc5)c(-c5ccccc5)nc4c3)ccc21,,Inactive,Alkaloids,0.38082137376027586,-1.274585073033759
CHEMBL203589,COc1cc2oc3ccccc3c2cc1NC(=O)c1ccc2nccnc2c1,,Inactive,Alkaloids,1.228562848368753,-1.0455192693244608
CHEMBL381894,COc1cc2oc3ccccc3c2cc1N(C(=O)c1ccc2nc(-c3ccccc3)c(-c3ccccc3)nc2c1)C(=O)c1ccc2nc(-c3ccccc3)c(-c3ccccc3)nc2c1,,Inactive,Other,1.0804444413274772,-0.9253685144287
CHEMBL202511,COc1cc2oc3ccccc3c2cc1NC(=O)c1ccc2nc(-c3ccccc3)c(-c3ccccc3)nc2c1,,Inactive,Other,1.2044724880201294,-1.0498200668710602
CHEMBL201311,c1ccc2c(CNc3ccc4nccnc4c3)ccnc2c1,,Inactive,Alkaloids,0.7269948861352915,-0.7947258524404935
CHEMBL202301,c1cnc2cc(NCc3ccc4c(c3)OCO4)ccc2n1,,Inactive,Alkaloids,0.8166404602275071,-0.8272635507054611
CHEMBL201096,O=C(Nc1ccc2nccnc2c1Br)c1ccc(C(=O)c2ccccc2)cc1,,Inactive,Alkaloids,0.5891469870926043,-1.132136092670171
CHEMBL201822,CCCCCCCCCCCCCCCC(=O)Nc1ccc2nccnc2c1Br,,Inactive,Alkaloids,0.5858891583932535,-1.2002135845097721
CHEMBL201095,CCCCCCC(=O)Nc1ccc2nccnc2c1Br,,Inactive,Alkaloids,0.5858891583932535,-1.2002135845097721
CHEMBL381484,O=C(Nc1ccc2nccnc2c1Br)c1ccc2ccccc2n1,,Inactive,Alkaloids,0.616138608972997,-1.2944657352683064
CHEMBL201441,CCCCCCCCCCCCC(=O)Nc1ccc2nccnc2c1Br,,Inactive,Alkaloids,0.5858891583932535,-1.2002135845097721
CHEMBL201342,CCc1ccc(OCc2ccccc2C(=O)Nc2ccc3nc(-c4ccccc4)c(-c4ccccc4)nc3c2)cc1,,Inactive,Alkaloids,0.6028230289997693,-1.818149902163707
CHEMBL202192,CCc1ccc(OCc2ccccc2C(=O)Nc2ccc3nc(C)c(C)nc3c2)cc1,,Inactive,Alkaloids,0.5353218743983464,-1.8589513181594823
CHEMBL371636,CCc1ccc(OCc2ccccc2C(=O)Nc2ccc3nc(C)cnc3c2)cc1,,Inactive,Alkaloids,0.5949715514768213,-1.7357183138154715
CHEMBL381690,Cc1nc2ccc(NC(=O)C34CC5CC(CC(C5)C3)C4)cc2nc1C,,Inactive,Alkaloids,0.6474704517187864,-0.9259627130516669
CHEMBL382464,CCCCCCCCCCCCCCCC(=O)Nc1ccc2nc(C)c(C)nc2c1,,Inactive,Alkaloids,0.3805522576420781,-1.4693503585806376
CHEMBL203368,CCCCCCC(=O)Nc1ccc2nccnc2c1,,Inactive,Alkaloids,0.4721437725921247,-1.4242481450382645
CHEMBL201872,CCc1ccc(OCc2ccccc2C(=O)Nc2ccc3nccnc3c2)cc1,,Inactive,Alkaloids,0.656038440296987,-1.7638968130744417
CHEMBL371737,O=[N+]([O-])c1ccc(CNc2ccc3nccnc3c2)cc1,,Inactive,Alkaloids,-1.490340466499804,-0.24492992992814944
CHEMBL425932,CCCCCNc1ccc2nccnc2c1,,Inactive,Alkaloids,0.5511801795839163,-1.292745979522049
CHEMBL1077460,CC1(C)OC(=O)C(=CNc2ccc([N+](=O)[O-])cc2)C(=O)O1,,Inactive,Polyketides,-1.0769443671076553,1.2075493092665575
CHEMBL1079692,CC1(C)OC(=O)C(=CNc2cccc([N+](=O)[O-])c2)C(=O)O1,,Inactive,Polyketides,-1.0139267389075175,1.3140808649243625
CHEMBL1079693,CC1(C)OC(=O)C(=CNc2ccccc2[N+](=O)[O-])C(=O)O1,,Inactive,Polyketides,-0.8162193842829841,1.1247633802324002
CHEMBL1079864,CC1(C)OC(=O)C(=CNc2ccc3c(c2)OCCO3)C(=O)O1,,Inactive,Phenylpropanoids,0.9273423239199171,0.7041394363854472
CHEMBL1079865,Cc1nc2ccc(NC=C3C(=O)OC(C)(C)OC3=O)cc2s1,,Inactive,Other,0.5953914843401977,-0.4865094954121065
CHEMBL1079866,CC1(C)OC(=O)C(=CNc2ccc3[nH]nnc3c2)C(=O)O1,,Inactive,Alkaloids,0.7903686446642109,0.018111306866974944
CHEMBL1081141,CC1(C)OC(=O)C(=CNc2ccc3cn[nH]c3c2)C(=O)O1,,Inactive,Alkaloids,0.6709023648699695,0.0767711466891059
CHEMBL1081142,CN(C)c1nc2ccc(NC=C3C(=O)OC(C)(C)OC3=O)cc2o1,,Inactive,Other,0.8827509529152677,-0.26887145746603897
CHEMBL1077470,CC1(C)OC(=O)C(=CNc2ccc3ncsc3c2)C(=O)O1,,Inactive,Alkaloids,0.6129327791693847,-0.17750974466975475
CHEMBL1080590,CC1(C)OC(=O)C(=CNc2ccccc2-c2nc3ccccc3s2)C(=O)O1,,Inactive,Other,0.7495255958908995,-0.037597052324387634
CHEMBL1080591,CC1(C)OC(=O)C(=CNc2ccc3c(c2)OCO3)C(=O)O1,,Inactive,Phenylpropanoids,0.8528480333482694,0.700348469320259
CHEMBL1080592,CC1(C)OC(=O)C(CNc2ccc3c(c2)CCC3)C(=O)O1,,Inactive,Phenylpropanoids,0.929459750364141,0.9564465663129085
CHEMBL1078460,CCOC(=O)C(=CNc1ccc([N+](=O)[O-])cc1)C(=O)OCC,,Inactive,Other,-1.204100100375547,0.5862111885905109
CHEMBL1078489,CC1(C)OC(=O)C(=CNc2ccc3[nH]c(=O)[nH]c3c2)C(=O)O1,,Inactive,Alkaloids,0.5997914117214896,0.3022720775010779
CHEMBL1077560,O=c1cc[nH]c2ccc([N+](=O)[O-])cc12,,Inactive,Alkaloids,-1.87341637042976,0.7594124783846465
CHEMBL1078566,O=c1cc[nH]c2c([N+](=O)[O-])cccc12,,Inactive,Alkaloids,-1.074644679457198,0.696684030456137
CHEMBL1078567,O=c1cc[nH]c2cc3c(cc12)OCCO3,,Inactive,Alkaloids,0.5728862765066567,0.1247570277611312
CHEMBL1078568,CC1=NC2=CC=C3CC=CC(=O)C3N2S1,,Inactive,Alkaloids,0.5631469374836428,0.1107734955657586
CHEMBL1078769,CN(C)c1nc2cc3[nH]ccc(=O)c3cc2o1,,Inactive,Alkaloids,0.5032342739959178,-0.8223153389086791
CHEMBL1078770,O=c1cc[nH]c2c(-c3nc4ccccc4s3)cccc12,,Inactive,Alkaloids,0.3994524355866739,-0.6015825078465803
CHEMBL1078771,Nc1ccc2[nH]ccc(=O)c2c1,,Inactive,Alkaloids,0.27386834826554135,-0.16111906775741028
CHEMBL1078847,Cc1nc2ccc3c(c(=O)ccn3C)c2s1,,Inactive,Alkaloids,0.1166804858750326,-0.7125669837116099
CHEMBL1078340,CC1(C)OC(=O)C(=CNc2cccc(-c3nc4ccccc4s3)c2)C(=O)O1,,Inactive,Other,0.7480024029269094,-0.06941483298398281
CHEMBL1213037,CN(C)c1ccc(Nc2nc3ccc([N+](=O)[O-])cc3s2)cc1,,Inactive,Phenylpropanoids,-1.7556688278787995,-0.7336329723931633
CHEMBL1213038,O=[N+]([O-])c1ccc2nc(NCCO)sc2c1,,Inactive,Alkaloids,-1.8722050482532635,-0.35439994468703345
CHEMBL1213040,O=[N+]([O-])c1ccc2nc(Nc3cccc(O)c3)sc2c1,,Inactive,Phenylpropanoids,-1.6032408400994909,-0.3947139503339432
CHEMBL1213041,CC(=O)Nc1nc2ccc([N+](=O)[O-])cc2s1,,Inactive,Alkaloids,-1.9871823240917723,-0.7474633295859378
CHEMBL1213060,CN(C)c1nc2ccc([N+](=O)[O-])cc2s1,,Inactive,Alkaloids,-1.838824343778948,-0.5097285156568166
CHEMBL1213063,CCN(CC)c1nc2ccc([N+](=O)[O-])cc2s1,,Inactive,Alkaloids,-1.8733802599781808,-0.5881859781344818
CHEMBL1213125,O=[N+]([O-])c1ccc2nc(N3CCCCC3)sc2c1,,Inactive,Alkaloids,-1.7850795567037239,0.04355635987725427
CHEMBL1213176,CCCNc1nc2ccc([N+](=O)[O-])cc2s1,,Inactive,Alkaloids,-1.9090163150331703,-0.6019403621951772
CHEMBL1213177,O=[N+]([O-])c1ccc2nc(Nc3ccccc3)sc2c1,,Inactive,Phenylpropanoids,-1.8796300978749858,-0.39404563005231413
CHEMBL1213180,Nc1ccc2nc(Cl)sc2c1,,Inactive,Alkaloids,0.20268270496988322,-1.2515017978445424
CHEMBL1213181,CN(C)c1ccc(Nc2nc3ccc(N)cc3s2)cc1,,Inactive,Other,0.14754669669460704,-1.5686525780574128
CHEMBL1213182,Nc1ccc2nc(NCCO)sc2c1,,Inactive,Alkaloids,0.031010476320142165,-1.1894195503512828
CHEMBL1213258,COc1cc(NS(C)(=O)=O)ccc1Nc1nc2ccc(N)cc2s1,,Inactive,Alkaloids,0.3160708352557403,-1.3137561210330058
CHEMBL1212944,Nc1ccc2nc(Nc3cccc(O)c3)sc2c1,,Inactive,Alkaloids,0.29997468447391534,-1.2297335559981923
CHEMBL1213260,CC(=O)Nc1nc2ccc(N)cc2s1,,Inactive,Alkaloids,-0.17258981909741714,-1.525877682272812
CHEMBL328540,Nc1ccc2nc(N)sc2c1,,Inactive,Peptides,0.10669703533351729,-1.1268290437023585
CHEMBL1213263,CN(C)c1nc2ccc(N)cc2s1,,Inactive,Alkaloids,0.064391180794458,-1.3447481213210661
CHEMBL1213264,CCN(CC)c1nc2ccc(N)cc2s1,,Inactive,Alkaloids,0.029835264595225154,-1.4232055837987312
CHEMBL1213311,Nc1ccc2nc(N3CCCCC3)sc2c1,,Inactive,Alkaloids,0.11813596786968232,-0.7914632457869953
CHEMBL1213312,CCN(CC)CCCNc1nc2ccc(N)cc2s1,,Inactive,Alkaloids,-0.004607392461506991,-1.3946025246013407
CHEMBL1213313,CCCNc1nc2ccc(N)cc2s1,,Inactive,Alkaloids,-0.005800790459764004,-1.4369599678594267
CHEMBL1213314,Nc1ccc2nc(Nc3ccccc3)sc2c1,,Inactive,Alkaloids,0.023585426698420415,-1.229065235716563
CHEMBL1213319,O=C(O)c1ccccc1Nc1ccc2nc(NCCO)sc2c1,,Inactive,Alkaloids,0.38539457434790303,-1.345700068024445
CHEMBL1213356,O=C(O)c1ccccc1Nc1ccc2nc(Nc3cccc(O)c3)sc2c1,,Inactive,Alkaloids,0.5694189588660976,-1.4570656017487054
CHEMBL1213363,Nc1nc2ccc(Nc3ccccc3C(=O)O)cc2s1,,Inactive,Alkaloids,0.6060713910729709,-1.2983078076860208
CHEMBL1213364,CN(C)c1nc2ccc(Nc3ccccc3C(=O)O)cc2s1,,Inactive,Alkaloids,0.4973352455111979,-1.5732463510243586
CHEMBL1213389,CCN(CC)CCCNc1nc2ccc(Nc3ccccc3C(=O)O)cc2s1,,Inactive,Alkaloids,0.41580605529555764,-1.531334800193958
CHEMBL1222498,CCC(=O)Nc1ccc(Cl)c(Cl)c1,,Inactive,Phenylpropanoids,0.3347236300447212,-1.0841429528375115
CHEMBL3115506,O=c1c(C(Nc2ccccc2[N+](=O)[O-])c2nnnn2C2CCCCC2)coc2ccccc12,,Inactive,Alkaloids,0.12558708229293888,1.3546744071998083
CHEMBL3115505,O=c1c(C(Nc2ccccc2Br)c2nnnn2C2CCCCC2)coc2ccccc12,,Inactive,Other,1.6376307952243043,0.948851195130237
CHEMBL3115700,CC(C)(C)n1nnnc1C(Nc1ccccc1Br)c1coc2ccccc2c1=O,,Inactive,Polyketides,1.5105611550312685,0.4415802348878852
CHEMBL3115699,COc1cc(NC(c2coc3ccccc3c2=O)c2nnnn2C2CCCCC2)cc(OC)c1OC,,Inactive,Alkaloids,1.670237562641204,0.6703879494593459
CHEMBL3115698,COc1ccc(NC(c2coc3ccccc3c2=O)c2nnnn2-c2c(C)cccc2C)cc1OC,,Inactive,Polyketides,1.4047692908681528,-0.00592853051625152
CHEMBL3115697,O=c1c(C(Nc2ccc([N+](=O)[O-])cc2)c2nnnn2C2CCCCC2)coc2ccccc12,,Inactive,Other,-0.3358372535398357,1.6518432434429362
CHEMBL3115696,O=c1c(C(Nc2ccc(I)cc2)c2nnnn2C2CCCCC2)coc2ccccc12,,Inactive,Other,1.583802670084457,0.9153446032955348
CHEMBL3115695,CC(C)(C)n1nnnc1C(Nc1ccc(I)cc1)c1coc2ccccc2c1=O,,Inactive,Polyketides,1.4567330298914216,0.40807364305318283
CHEMBL3115694,O=c1c(C(Nc2ccc(Cl)cc2)c2nnnn2C2CCCCC2)coc2ccccc12,,Inactive,Other,1.5383981406595264,0.6455327893285526
CHEMBL3115693,CC(C)(C)n1nnnc1C(Nc1ccc(Cl)cc1)c1coc2ccccc2c1=O,,Inactive,Polyketides,1.4113285004664913,0.13826182908620058
CHEMBL3115692,O=c1c(C(Nc2ccccc2)c2nnnn2C2CCCCC2)coc2ccccc12,,Inactive,Other,1.4206056728308807,1.0192356539370726
CHEMBL3115691,CC(C)(C)n1nnnc1C(Nc1ccccc1)c1coc2ccccc2c1=O,,Inactive,Polyketides,1.2935360326378453,0.5119646936947208
CHEMBL3115690,O=c1c(C(Nc2ccccc2I)c2nnnn2C2CCCCC2)coc2ccccc12,,Inactive,Other,1.6392495991221276,0.9260618083527078
CHEMBL3115689,CC(C)(C)n1nnnc1C(Nc1ccccc1I)c1coc2ccccc2c1=O,,Inactive,Polyketides,1.5121799589290923,0.4187908481103559
CHEMBL3577388,Cn1c(=O)c(=O)n(CCCCCBr)c2ccc([N+](=O)[O-])cc21,,Inactive,Alkaloids,-2.02241347993563,0.8340056048761476
CHEMBL3577386,Cn1c(=O)c(=O)n(CCCCCl)c2ccc([N+](=O)[O-])cc21,,Inactive,Alkaloids,-2.1272010201521625,0.7910205603523446
CHEMBL3577385,Cn1c(=O)c(=O)n(C)c2cc([N+](=O)[O-])ccc21,,Inactive,Alkaloids,-1.8703431674858944,1.0291168715078718
CHEMBL3577384,O=c1[nH]c2cc([N+](=O)[O-])ccc2n(CCCCCCCl)c1=O,,Inactive,Alkaloids,-2.0714349469003612,0.7790484029565323
CHEMBL3577383,O=c1[nH]c2cc([N+](=O)[O-])ccc2n(CCCCCBr)c1=O,,Inactive,Alkaloids,-1.9656518281710018,0.9091861413338255
CHEMBL3577382,O=c1[nH]c2cc([N+](=O)[O-])ccc2n(CCCCCCl)c1=O,,Inactive,Alkaloids,-2.0714349469003612,0.7790484029565323
CHEMBL3577381,O=c1[nH]c2cc([N+](=O)[O-])ccc2n(CCCCCl)c1=O,,Inactive,Alkaloids,-2.0714349469003612,0.7790484029565323
CHEMBL3577380,Cn1c(=O)c(=O)[nH]c2cc([N+](=O)[O-])ccc21,,Inactive,Alkaloids,-1.9564259389448972,0.7509816220839265
CHEMBL3577377,CN1C(=O)CN(CCCN2CCCCC2)c2ccc([N+](=O)[O-])cc21.Cl,,Inactive,Alkaloids,-1.6260767702520307,1.6516317404318968
CHEMBL3577373,O=C1CN(CCCO)c2ccc([N+](=O)[O-])cc2N1,,Inactive,Alkaloids,-1.5087315729005786,1.8088893931736256
CHEMBL3793255,C=Cn1c2ccc([N+](=O)[O-])cc2c(=O)n1Cc1ccccc1,,Inactive,Alkaloids,-2.409688122470568,1.7751972434056915
CHEMBL3793567,C=CCn1c2ccc([N+](=O)[O-])cc2c(=O)n1Cc1ccccc1,,Inactive,Alkaloids,-2.45125111410793,1.9549449862079569
CHEMBL3792678,C#CCn1c2ccc([N+](=O)[O-])cc2c(=O)n1Cc1ccccc1,,Inactive,Alkaloids,-2.599148480298043,1.8320033412419803
CHEMBL3794289,O=c1c2cc([N+](=O)[O-])ccc2n(CCBr)n1Cc1ccccc1,,Inactive,Alkaloids,-2.619582577149988,1.8241101386936351
CHEMBL3794187,COC(=O)Cn1c2ccc([N+](=O)[O-])cc2c(=O)n1Cc1ccccc1,,Inactive,Alkaloids,-2.3702899494139875,1.6179465119356142
CHEMBL3793120,COC(=O)CCn1c2ccc([N+](=O)[O-])cc2c(=O)n1Cc1ccccc1,,Inactive,Alkaloids,-2.4589259332070763,1.5174147007769514
CHEMBL3793913,CCOC(=O)CCCn1c2ccc([N+](=O)[O-])cc2c(=O)n1Cc1ccccc1,,Inactive,Alkaloids,-2.4837385602448765,1.7467722669455532
CHEMBL3794210,NC(=O)CCCn1c2ccc([N+](=O)[O-])cc2c(=O)n1Cc1ccccc1,,Inactive,Alkaloids,-2.4845724693615248,1.7753827069039523
CHEMBL3792898,CNC(=O)CCCn1c2ccc([N+](=O)[O-])cc2c(=O)n1Cc1ccccc1,,Inactive,Alkaloids,-2.438729148365119,1.7540576681128097
CHEMBL3794149,O=c1c2cc([N+](=O)[O-])ccc2n(CCCO)n1Cc1ccccc1,,Inactive,Alkaloids,-2.5669419820479797,1.8565823557201802
CHEMBL3793601,COCCn1c2ccc([N+](=O)[O-])cc2c(=O)n1Cc1ccccc1,,Inactive,Alkaloids,-2.5141278257507693,1.6667941454281214
CHEMBL3792986,CCOCCCn1c2ccc([N+](=O)[O-])cc2c(=O)n1Cc1ccccc1,,Inactive,Alkaloids,-2.5589346831579,1.8013057989968704
CHEMBL3794506,CC(=O)OCCn1c2ccc([N+](=O)[O-])cc2c(=O)n1Cc1ccccc1,,Inactive,Alkaloids,-2.410540634483638,1.6735976264554964
CHEMBL3792685,CCOC(=O)n1c2ccc([N+](=O)[O-])cc2c(=O)n1Cc1ccccc1,,Inactive,Alkaloids,-2.499525958652184,1.4870493195462415
CHEMBL3792797,O=C(OCc1ccccc1)n1c2ccc([N+](=O)[O-])cc2c(=O)n1Cc1ccccc1,,Inactive,Alkaloids,-2.435462998698501,1.5722620465901358
CHEMBL3792402,CC(=O)n1c2ccc([N+](=O)[O-])cc2c(=O)n1Cc1ccccc1,,Inactive,Alkaloids,-2.520214358660681,1.5254208636776356
CHEMBL3793634,O=C(c1ccccc1)n1c2ccc([N+](=O)[O-])cc2c(=O)n1Cc1ccccc1,,Inactive,Phenylpropanoids,-2.513388994895795,1.4665656972023657
CHEMBL3792611,Cc1ccc(S(=O)(=O)n2c3ccc([N+](=O)[O-])cc3c(=O)n2Cc2ccccc2)cc1,,Inactive,Alkaloids,-2.642066236618564,1.7601086131400783
CHEMBL3793132,COCCOc1c2cc([N+](=O)[O-])ccc2nn1Cc1ccccc1,,Inactive,Alkaloids,-2.3086852608861634,0.33815210317892636
CHEMBL4163856,CC(C)C(=O)C1=C(O)C(C)(C)C(O)=C(Cc2c(O)c3c(c(C(=O)C(C)C)c2O)OC(C)(C)C=C3)C1O,,Inactive,Polyketides,1.0692644209794737,0.8230640836761753
CHEMBL4174516,COc1cc2c(c(OC)c1C(=O)C(C)C)C=CC(C)(C)O2,,Inactive,Polyketides,0.9932759178715331,0.11318754225019974
CHEMBL4172147,COc1c2c(cc(O)c1C(=O)C(C)C)OC(C)(C)C=C2,,Inactive,Polyketides,0.9411122429210924,0.3456164290456872
CHEMBL4164263,COc1cc2c(c(O)c1C(=O)C(C)C)C=CC(C)(C)O2,,Inactive,Polyketides,1.1021714503476991,0.1350988417155658
CHEMBL2046927,CN(C)CCOc1nn(Cc2ccccc2)c2ccc([N+](=O)[O-])cc12.Cl,,Inactive,Alkaloids,-2.572613030289313,0.9170851923893575
CHEMBL4758748,Cl.O=[N+]([O-])c1ccc2c(c1)c(OCCN1CCCCC1)nn2Cc1ccccc1,,Inactive,Alkaloids,-2.5022398824367036,1.2856805937851246
CHEMBL4789483,Cl.O=[N+]([O-])c1ccc2c(c1)c(OCCCN1CCCCC1)nn2Cc1ccccc1,,Inactive,Alkaloids,-2.5482049108226654,1.2436473229702198
CHEMBL4750030,O=C1c2ccccc2C(=O)N1CCOc1nn(Cc2ccccc2)c2ccc([N+](=O)[O-])cc12,,Inactive,Alkaloids,-2.486281449966874,1.3936784162023366
CHEMBL4792175,O=[N+]([O-])c1ccc2c(c1)c(OCCBr)nn2Cc1ccccc1,,Inactive,Alkaloids,-2.5781818090997985,1.1134978636934527
CHEMBL4743080,O=[N+]([O-])c1ccc2c(c1)c(OCCCCCBr)nn2Cc1ccccc1,,Inactive,Alkaloids,-2.5399400426892815,0.9394541058036482
