compound_chembl_id,chembl_smiles,pchembl_value,class,molecular_weight,prediction,correct
CHEMBL255694,COc1cc(-c2nc3cc([N+](=O)[O-])ccc3[nH]2)ccc1OCCCCCOc1ccc(-c2nc3cc([N+](=O)[O-])ccc3[nH]2)cc1OC,6.1,Active,638.21251192,1,1
CHEMBL250007,FC(F)(F)c1ccc2[nH]c(-c3ccc(OCCCCCOc4ccc(-c5nc6cc(C(F)(F)F)ccc6[nH]5)cc4)cc3)nc2c1,5.3,Active,624.195995392,1,1
CHEMBL402346,COc1ccc2[nH]c(-c3ccc(OCCCCCOc4ccc(-c5nc6cc(OC)ccc6[nH]5)cc4OC)c(OC)c3)nc2c1,5.2,Active,608.2634848719999,1,1
CHEMBL256337,O=[N+]([O-])c1ccc2[nH]c(-c3ccc(OCCCCCOc4ccc(-c5nc6cc([N+](=O)[O-])ccc6[nH]5)cc4)cc3)nc2c1,5.45,Active,578.191382552,1,1
CHEMBL256127,COc1cc(-c2nc3cc(C)ccc3[nH]2)ccc1OCCCCCOc1ccc(-c2nc3cc(C)ccc3[nH]2)cc1OC,5.99,Active,576.273655632,1,1
CHEMBL2375529,O=C1C(=O)N(Cc2cn([C@@H]3C(=O)N(c4ccccc4)[C@@H]3/C=C/c3ccccc3)nn2)c2ccc(Br)cc21,5.03,Active,553.0749516000001,1,1
CHEMBL258377,COc1ccc2[nH]c(-c3ccc(OCCCCCOc4ccc(-c5nc6cc(OC)ccc6[nH]5)cc4)cc3)nc2c1,6.79,Active,548.242355504,1,1
CHEMBL258386,COc1cc(-c2nc3ccccc3[nH]2)ccc1OCCCCCOc1ccc(-c2nc3ccccc3[nH]2)cc1OC,5.21,Active,548.242355504,1,1
CHEMBL4450630,O=[N+]([O-])c1c(CS(=O)(=O)c2ccccc2)nc2c(Sc3ccc(Br)cc3)cc(Cl)cn12,5.34,Active,536.9219376760001,1,1
CHEMBL3219467,O=C1C(=O)N(CC(CO)N[C@@H]2C(=O)N(c3ccc(Cl)cc3)[C@@H]2/C=C/c2ccccc2)c2ccc(Cl)cc21,5.01,Active,535.106561576,0,0
CHEMBL256104,Cc1ccc2[nH]c(-c3ccc(OCCCCCOc4ccc(-c5nc6cc(C)ccc6[nH]5)cc4)cc3)nc2c1,5.38,Active,516.2525262640002,1,1
CHEMBL2375528,O=C1C(=O)N(Cc2cn([C@@H]3C(=O)N(c4ccccc4)[C@@H]3/C=C/c3ccccc3)nn2)c2ccc(Cl)cc21,5.01,Active,509.12546718000004,1,1
CHEMBL2375531,O=C1C(=O)N(Cc2cn([C@@H]3C(=O)N(c4ccc(Cl)cc4)[C@@H]3/C=C/c3ccccc3)nn2)c2ccccc21,5.08,Active,509.12546718000004,1,1
CHEMBL227370,FC(F)(F)c1nc2c(Br)c(Br)c(Br)c(Br)c2[nH]1,8.7,Active,497.68253109200015,1,1
CHEMBL2375522,O=C1C(=O)N(Cc2cn([C@@H]3C(=O)N(c4ccc(F)cc4)[C@@H]3/C=C/c3ccccc3)nn2)c2ccccc21,5.11,Active,493.15501772000005,1,1
CHEMBL2375527,O=C1C(=O)N(Cc2cn([C@@H]3C(=O)N(c4ccccc4)[C@@H]3/C=C/c3ccccc3)nn2)c2ccc(F)cc21,5.15,Active,493.15501772000005,1,1
CHEMBL4534157,O=[N+]([O-])c1c(CS(=O)(=O)c2ccccc2)nc2c(Sc3ccc(Cl)cc3)cc(Cl)cn12,5.34,Active,492.97245325600005,1,1
CHEMBL4290102,O=C1C(=O)N(CCCN2C(=O)C(=O)c3cc(Br)ccc32)c2ccc(Br)cc21,5.43,Active,489.916381064,0,0
CHEMBL2375605,O=C1C(=O)N(Cc2cn([C@@H]3C(=O)N(Cc4ccccc4)[C@@H]3/C=C/c3ccccc3)nn2)c2ccccc21,5.06,Active,489.1800895960001,1,1
CHEMBL403651,c1ccc2[nH]c(-c3ccc(OCCCCCOc4ccc(-c5nc6ccccc6[nH]5)cc4)cc3)nc2c1,5.5,Active,488.2212261360001,1,1
CHEMBL4084390,COc1ccc2c(c1)c(CC(=O)Nc1ncc([N+](=O)[O-])s1)c(C)n2C(=O)c1ccc(Cl)cc1,6.87,Active,484.06081832399997,1,1
CHEMBL3792696,N#CCCCN1CCN(C(=S)SSC(=S)N2CCN(CCCC#N)CC2)CC1,,Active,456.1258288960001,1,1
CHEMBL3220969,O=[N+]([O-])c1ccc(CCSc2nc3c(Br)cc(Br)cc3[nH]2)cc1,8.48,Active,454.893871792,1,1
CHEMBL4871319,Cc1ncc([N+](=O)[O-])n1CCn1cc(CN2C(=O)/C(=N\NC(N)=S)c3ccccc32)nn1,6.22,Active,454.12840543600015,1,1
CHEMBL221886,CN[C@@H]1[C@@H](O)[C@@H](O[C@@H]2[C@@H](O)[C@H](O[C@H]3OC(CN)=CC[C@H]3N)[C@@H](N)C[C@H]2N)OC[C@]1(C)O,,Active,447.269298524,0,0
CHEMBL4100836,O=C(Cc1ccccc1Nc1c(Cl)cccc1Cl)Nc1ncc([N+](=O)[O-])s1,6.66,Active,422.000716604,1,1
CHEMBL3883610,Cc1ncc([N+](=O)[O-])n1CC(O)CSC(=S)N1CCN(c2ccccc2)CC1,,Active,421.1242315960001,1,1
CHEMBL3220678,FC(F)(F)c1nc2c(Br)c(Br)c(Br)cc2[nH]1,6.57,Active,419.7720190240001,1,1
CHEMBL3220967,Brc1cc(Br)c2nc(SCCN3CCOCC3)[nH]c2c1,7.23,Active,418.93025730000005,1,1
CHEMBL476591,Cc1nc(CS(=O)(=O)c2ccc(Br)cc2)c([N+](=O)[O-])n1CC(C)O,6.38,Active,416.99940371199995,1,1
CHEMBL3220965,Brc1cc(Br)c2nc(SCCN3CCCCC3)[nH]c2c1,7.69,Active,416.9509927440001,1,1
CHEMBL1223560,CCCCOc1ccc(NC(=O)NCCNc2ccnc3cc(Cl)ccc23)cc1,5.07,Active,412.16660372,0,0
CHEMBL3220683,CCN(CC)CCSc1nc2c(Br)cc(Br)cc2[nH]1,7.54,Active,404.9509927440001,1,1
CHEMBL4761615,CNCCCCCOc1nn(Cc2ccccc2)c2ccc([N+](=O)[O-])cc12.Cl,6.3,Active,404.16151834,0,0
CHEMBL478253,Cc1nc(CS(=O)(=O)c2ccc(Br)cc2)c([N+](=O)[O-])n1CCO,5.79,Active,402.98375364799995,1,1
CHEMBL4217508,CSc1nc2cc(C(=O)N/N=C/c3ccc([N+](=O)[O-])o3)c(Cl)cc2n1C,7.88,Active,393.029852544,1,1
CHEMBL3220963,CN(C)CCCSc1nc2c(Br)cc(Br)cc2[nH]1,7.99,Active,390.9353426800001,1,1
CHEMBL3114399,CCCCCCCCCCCCCCCC(=O)Nc1ncc([N+](=O)[O-])s1,5.59,Active,383.22426291599993,1,1
CHEMBL1502,COc1ccnc(C[S+]([O-])c2nc3cc(OC(F)F)ccc3[nH]2)c1OC,7.12,Active,383.0751334,1,1
CHEMBL4206155,CSc1nc2cc(C(=O)Nc3ccc([N+](=O)[O-])cn3)c(Cl)cc2n1C,7.39,Active,377.034937924,1,1
CHEMBL3220681,CN(C)CCSc1nc2c(Br)cc(Br)cc2[nH]1,6.51,Active,376.9196926160001,1,1
CHEMBL1170159,Cn1c(C(F)(F)F)nc2cc(Cl)c(Oc3cccc4ccccc34)cc21,6.35,Active,376.059025344,0,0
CHEMBL1170158,Cn1c(C(F)(F)F)nc2cc(Oc3cccc4ccccc34)c(Cl)cc21,6.01,Active,376.05902534399996,0,0
CHEMBL1223557,O=C(NCCNc1ccnc2cc(Cl)ccc12)Nc1ccc(Cl)cc1,5.02,Active,374.07011649199995,0,0
CHEMBL476590,Cc1nc(CS(=O)(=O)c2ccc(Cl)cc2)c([N+](=O)[O-])n1CC(C)O,6.13,Active,373.04991929199997,1,1
CHEMBL452467,Cc1nc(CS(=O)(=O)c2ccc(Br)cc2)c([N+](=O)[O-])n1C,6.18,Active,372.973188964,1,1
CHEMBL4212043,CSc1nc2cc(C(=O)NNC(=O)OC(C)(C)C)c(Cl)cc2n1C,7.55,Active,370.0866391480001,1,1
CHEMBL480,Cc1c(OCC(F)(F)F)ccnc1C[S+]([O-])c1nc2ccccc2[nH]1,6.91,Active,369.07588234800005,1,1
CHEMBL3220968,O=[N+]([O-])c1ccc(CCSc2nc3c(Cl)cc(Cl)cc3[nH]2)cc1,8.0,Active,366.994902952,1,1
CHEMBL4214402,CSc1nc2cc(C(=O)Nc3cccc(Cl)n3)c(Cl)cc2n1C,6.43,Active,366.01088736400004,1,1
CHEMBL1170157,FC(F)(F)c1nc2cc(Oc3cccc4ccccc34)c(Cl)cc2[nH]1,7.07,Active,362.04337528,0,0
CHEMBL1170756,Cn1c(C(F)(F)F)nc2cc(Oc3cccc(Cl)c3Cl)ccc21,7.8,Active,360.00440292800005,1,1
CHEMBL1170757,Cn1c(C(F)(F)F)nc2ccc(Oc3cccc(Cl)c3Cl)cc21,6.96,Active,360.00440292800005,1,1
CHEMBL1219,COCCCOc1ccnc(C[S+]([O-])c2nc3ccccc3[nH]2)c1C,6.98,Active,359.13036253200005,1,1
CHEMBL516425,Cc1nc(CS(=O)(=O)c2ccc(Cl)cc2)c([N+](=O)[O-])n1CCO,7.36,Active,359.03426922799997,1,1
CHEMBL478263,Cn1cnc(CS(=O)(=O)c2ccc(Br)cc2)c1[N+](=O)[O-],6.41,Active,358.9575389,1,1
CHEMBL476795,Cc1nc(CS(=O)(=O)c2ccc(F)cc2)c([N+](=O)[O-])n1CC(C)O,5.62,Active,357.079469832,1,1
CHEMBL4092145,COc1ccc2cc([C@H](C)C(=O)Nc3ncc([N+](=O)[O-])s3)ccc2c1,6.79,Active,357.07832695999997,1,1
CHEMBL1779947,CC(=O)Oc1ccccc1C(=O)Nc1nc2ccc([N+](=O)[O-])cc2s1,6.08,Active,357.041941452,1,1
CHEMBL476168,Cc1ccc(S(=O)(=O)Cc2nc(C)n(CC(C)O)c2[N+](=O)[O-])cc1,6.91,Active,353.104541708,1,1
CHEMBL4216112,CSc1nc2cc(C(=O)Nc3cccc(Cl)n3)c(Cl)cc2[nH]1,6.89,Active,351.99523730000004,1,1
CHEMBL4213092,CSc1nc2cc(C(=O)Nc3cccc(Cl)c3)c(Cl)cc2[nH]1,6.79,Active,350.99998833200004,1,1
CHEMBL2403416,COC(=O)c1cc2c(cc1Cl)nc(SCCn1ccnc1)n2C,7.06,Active,350.0604244000001,1,1
CHEMBL2403418,COC(=O)c1cc2nc(SCCn3ccnc3)n(C)c2cc1Cl,7.03,Active,350.0604244,1,1
CHEMBL3220680,OCCSc1nc2c(Br)cc(Br)cc2[nH]1,6.83,Active,349.872408076,1,1
CHEMBL4202744,CSc1nc2cc(C(=O)Nc3cccc(C)n3)c(Cl)cc2n1C,7.54,Active,346.06550978000007,1,1
CHEMBL1172446,FC(F)(F)c1nc2cc(Oc3cccc(Cl)c3Cl)ccc2[nH]1,6.27,Active,345.98875286400005,1,1
CHEMBL1503,COc1ccc2[nH]c([S+]([O-])Cc3ncc(C)c(OC)c3C)nc2c1,6.92,Active,345.11471246800005,1,1
CHEMBL478465,Cc1nc(CS(=O)(=O)c2ccc(F)cc2)c([N+](=O)[O-])n1CCO,5.76,Active,343.063819768,1,1
CHEMBL116141,CCC(C)N(/C(S)=N/N=C/c1ccc([N+](=O)[O-])s1)C(C)CC,5.35,Active,342.118417944,1,1
CHEMBL228258,FC(F)(F)c1nc2c(Br)cc(Br)cc2[nH]1,6.72,Active,341.8615069560001,1,1
CHEMBL389272,FC(F)(F)c1nc2cc(Br)c(Br)cc2[nH]1,6.66,Active,341.8615069560001,1,1
CHEMBL1213387,CCN(CC)c1nc2ccc(Nc3ccccc3C(=O)O)cc2s1,5.52,Active,341.119797848,0,0
CHEMBL4062705,CC(C)(Oc1ccc(Cl)cc1)C(=O)Nc1ncc([N+](=O)[O-])s1,7.5,Active,341.023704544,1,1
CHEMBL55,N=C(N)c1ccc(OCCCCCOc2ccc(C(=N)N)cc2)cc1,5.42,Active,340.189926008,1,1
CHEMBL476000,Cc1ccc(S(=O)(=O)Cc2nc(C)n(CCO)c2[N+](=O)[O-])cc1,7.17,Active,339.088891644,1,1
CHEMBL514712,Cc1nc(CS(=O)(=O)c2ccccc2)c([N+](=O)[O-])n1CC(C)O,6.21,Active,339.088891644,1,1
CHEMBL3114397,CCCCOc1ccc(NC(=O)Nc2ncc([N+](=O)[O-])s2)cc1,6.41,Active,336.089225992,1,1
CHEMBL2403422,CCOc1cc2c(cc1Cl)nc(SCCn1ccnc1)n2C,7.16,Active,336.08115984400007,1,1
CHEMBL2403424,CCOc1cc2nc(SCCn3ccnc3)n(C)c2cc1Cl,7.01,Active,336.081159844,1,1
CHEMBL2403414,COC(=O)c1cc2nc(SCCn3ccnc3)[nH]c2cc1Cl,7.14,Active,336.044774336,1,1
CHEMBL4071348,CC(C)Cc1ccc(C(C)C(=O)Nc2ncc([N+](=O)[O-])s2)cc1,7.35,Active,333.11471246800005,1,1
CHEMBL4203032,CSc1nc2cc(C(=O)Nc3cccc(C)n3)c(Cl)cc2[nH]1,6.95,Active,332.04985971600007,1,1
CHEMBL4210015,CSc1nc2cc(C(=O)Nc3ccccn3)c(Cl)cc2n1C,7.92,Active,332.04985971600007,1,1
CHEMBL4213631,CSc1nc2cc(C(=O)Nc3cccc(C)c3)c(Cl)cc2[nH]1,6.29,Active,331.054610748,1,1
CHEMBL3220966,Clc1cc(Cl)c2nc(SCCN3CCOCC3)[nH]c2c1,7.29,Active,331.03128846000004,1,1
CHEMBL3940020,O=C(NCc1ccc(OC(F)(F)F)cc1)c1ncc([N+](=O)[O-])[nH]1,5.66,Active,330.057589428,1,1
CHEMBL3956327,O=C(NCc1cccc(OC(F)(F)F)c1)c1ncc([N+](=O)[O-])[nH]1,5.72,Active,330.057589428,1,1
CHEMBL3220964,Clc1cc(Cl)c2nc(SCCN3CCCCC3)[nH]c2c1,7.14,Active,329.052023904,1,1
CHEMBL477233,Cc1nc(CS(=O)(=O)c2ccc(Cl)cc2)c([N+](=O)[O-])n1C,6.04,Active,329.023704544,1,1
CHEMBL3793484,O=[N+]([O-])c1ccc2nn(Cc3ccccc3)c(OCCCO)c2c1,5.14,Active,327.121906024,0,0
CHEMBL2403412,Cn1c(SCCn2ccnc2)nc2cc(Cl)c(Cl)cc21,7.02,Active,326.015972744,1,1
CHEMBL475999,Cc1nc(CS(=O)(=O)c2ccccc2)c([N+](=O)[O-])n1CCO,5.81,Active,325.07324158,1,1
CHEMBL550447,CC(=O)Nc1ccc(S(=O)(=O)n2cc([N+](=O)[O-])nc2C)cc1,5.06,Active,324.052840484,1,1
CHEMBL1577852,O=C(CN1CCOCC1)Nc1nc2ccc([N+](=O)[O-])cc2s1,6.48,Active,322.073575928,1,1
CHEMBL2403420,CCOc1cc2nc(SCCn3ccnc3)[nH]c2cc1Cl,7.0,Active,322.06550978,1,1
CHEMBL3401736,O=C(CN1CCCCC1)Nc1nc2ccc([N+](=O)[O-])cc2s1,5.46,Active,320.094311372,1,1
CHEMBL4205808,CSc1nc2cc(C(=O)Nc3ccccn3)c(Cl)cc2[nH]1,7.17,Active,318.0342096520001,1,1
CHEMBL3220682,CCN(CC)CCSc1nc2c(Cl)cc(Cl)cc2[nH]1,7.39,Active,317.052023904,1,1
CHEMBL4208693,CSc1nc2cc(C(=O)Nc3ccccc3)c(Cl)cc2[nH]1,6.92,Active,317.038960684,1,1
CHEMBL2403415,COC(=O)c1ccc2nc(SCCn3ccnc3)n(C)c2c1,6.94,Active,316.099396752,1,1
CHEMBL2403417,COC(=O)c1ccc2c(c1)nc(SCCn1ccnc1)n2C,7.11,Active,316.099396752,1,1
CHEMBL1779948,O=C(Nc1nc2ccc([N+](=O)[O-])cc2s1)c1ccccc1O,5.67,Active,315.03137676800003,1,1
CHEMBL478062,Cn1cnc(CS(=O)(=O)c2ccc(Cl)cc2)c1[N+](=O)[O-],6.8,Active,315.00805447999994,1,1
CHEMBL117124,CCCN(CCC)/C(S)=N/N=C/c1ccc([N+](=O)[O-])s1,5.34,Active,314.087117816,1,1
CHEMBL479102,Cc1nc(CS(=O)(=O)c2ccc(F)cc2)c([N+](=O)[O-])n1C,5.59,Active,313.053255084,1,1
CHEMBL116243,O=[N+]([O-])c1ccc(/C=N/N=C(\S)N2CCCCCC2)s1,5.06,Active,312.071467752,1,1
CHEMBL550508,Cc1nc([N+](=O)[O-])cn1S(=O)(=O)c1ccc([N+](=O)[O-])cc1,5.53,Active,312.016454976,1,1
CHEMBL2403428,Clc1cc2nc(SCCn3ccnc3)[nH]c2cc1Cl,6.85,Active,312.00032267999995,1,1
CHEMBL477236,Cc1ccc(S(=O)(=O)Cc2nc(C)n(C)c2[N+](=O)[O-])cc1,6.45,Active,309.07832696,1,1
CHEMBL3114398,O=C(Nc1ccc([N+](=O)[O-])cc1)Nc1ncc([N+](=O)[O-])s1,6.02,Active,309.01678932400006,1,1
CHEMBL3401734,CCN(CC)CC(=O)Nc1nc2ccc([N+](=O)[O-])cc2s1,5.49,Active,308.094311372,1,1
CHEMBL3114396,CCOc1ccc(NC(=O)Nc2ncc([N+](=O)[O-])s2)cc1,6.55,Active,308.057925864,1,1
CHEMBL1401,CC(=O)Oc1ccccc1C(=O)Nc1ncc([N+](=O)[O-])s1,7.17,Active,307.026291388,1,1
CHEMBL3401735,O=C(CN1CCCC1)Nc1nc2ccc([N+](=O)[O-])cc2s1,6.66,Active,306.078661308,1,1
CHEMBL562514,Cc1nc([N+](=O)[O-])cn1CC(=O)Nc1ccc([N+](=O)[O-])cc1,5.18,Active,305.076018452,0,0
CHEMBL226656,FC(F)(F)C(F)(F)c1nc2cc(Cl)c(Cl)cc2[nH]1,6.52,Active,303.959344556,1,1
CHEMBL3220684,CN(C)CCCSc1nc2c(Cl)cc(Cl)cc2[nH]1,7.07,Active,303.03637384,1,1
CHEMBL2403421,CCOc1ccc2nc(SCCn3ccnc3)n(C)c2c1,7.14,Active,302.120132196,1,1
CHEMBL2403423,CCOc1ccc2c(c1)nc(SCCn1ccnc1)n2C,7.12,Active,302.120132196,1,1
CHEMBL2403413,COC(=O)c1ccc2[nH]c(SCCn3ccnc3)nc2c1,6.96,Active,302.083746688,1,1
CHEMBL558503,Cc1nc([N+](=O)[O-])cn1S(=O)(=O)c1ccc(Cl)cc1,5.12,Active,300.992404416,1,1
CHEMBL203854,O=c1c(-c2ccc([N+](=O)[O-])cc2)coc2cc(O)cc(O)c12,5.1,Active,299.042987008,0,0
CHEMBL516574,Cn1cnc(CS(=O)(=O)c2ccc(F)cc2)c1[N+](=O)[O-],6.48,Active,299.03760501999994,1,1
CHEMBL332475,O=[N+]([O-])c1ccc(/C=N/N=C(\S)NC2CCCC2)s1,5.4,Active,298.055817688,1,1
CHEMBL3114393,O=C(Nc1ccc(Cl)cc1)Nc1ncc([N+](=O)[O-])s1,5.99,Active,297.99273876399997,1,1
CHEMBL555070,COc1ccc(S(=O)(=O)n2cc([N+](=O)[O-])nc2C)cc1,5.08,Active,297.041941452,1,1
CHEMBL4797147,Cc1ncc([N+](=O)[O-])n1CCOC(=O)NC1CCCCC1,7.22,Active,296.14845512,1,1
CHEMBL476203,Cc1ccc(S(=O)(=O)Cc2ncn(C)c2[N+](=O)[O-])cc1,6.81,Active,295.062676896,1,1
CHEMBL478264,Cc1nc(CS(=O)(=O)c2ccccc2)c([N+](=O)[O-])n1C,6.62,Active,295.062676896,1,1
CHEMBL550156,Cc1nc([N+](=O)[O-])cn1CC(=O)Nc1ccc(Cl)cc1,5.04,Active,294.05196789200005,0,0
CHEMBL3986798,CC(NC(=O)c1ncc([N+](=O)[O-])n1C)c1ccc(F)cc1,5.42,Active,292.097168496,1,1
CHEMBL2403411,Cn1c(SCCn2ccnc2)nc2cc(Cl)ccc21,6.87,Active,292.054945096,1,1
CHEMBL2403425,Cn1c(SCCn2ccnc2)nc2ccc(Cl)cc21,6.89,Active,292.054945096,1,1
CHEMBL3947461,COc1cccc(CNC(=O)c2ncc([N+](=O)[O-])n2C)c1,5.09,Active,290.101504928,1,1
CHEMBL4789562,Cc1ncc([N+](=O)[O-])n1CCOC(=O)Nc1ccccc1,7.05,Active,290.101504928,0,0
CHEMBL1922081,CN(C)CCSc1nc2c(Cl)cc(Cl)cc2[nH]1,7.14,Active,289.020723776,1,1
CHEMBL3958096,Cc1ccc(CCNC(=O)c2ncc([N+](=O)[O-])n2C)cc1,5.09,Active,288.12224037199996,1,1
CHEMBL2403419,CCOc1ccc2[nH]c(SCCn3ccnc3)nc2c1,7.14,Active,288.104482132,1,1
CHEMBL116138,CCCC/N=C(\S)N/N=C/c1ccc([N+](=O)[O-])s1,5.83,Active,286.055817688,1,1
CHEMBL324374,CCN(CC)/C(S)=N/N=C/c1ccc([N+](=O)[O-])s1,5.22,Active,286.055817688,1,1
CHEMBL325000,CCC(C)/N=C(\S)N/N=C/c1ccc([N+](=O)[O-])s1,5.2,Active,286.055817688,1,1
CHEMBL2032003,Nc1ncnc2c1ncn2[C@@H]1O[C@H](CO)[C@@H](O)[C@@H]1Cl,5.23,Active,285.062866924,1,1
CHEMBL3114394,O=C(Nc1ccc(F)cc1)Nc1ncc([N+](=O)[O-])s1,5.91,Active,282.022289304,1,1
CHEMBL475980,Cn1cnc(CS(=O)(=O)c2ccccc2)c1[N+](=O)[O-],6.7,Active,281.04702683200003,1,1
CHEMBL3963237,Cn1c([N+](=O)[O-])cnc1C(=O)NCc1ccc(F)cc1,5.28,Active,278.081518432,1,1
CHEMBL3984994,CC(NC(=O)c1ncc([N+](=O)[O-])[nH]1)c1ccc(F)cc1,6.23,Active,278.081518432,1,1
CHEMBL550241,Cc1nc([N+](=O)[O-])cn1CC(=O)Nc1ccc(F)cc1,5.25,Active,278.081518432,0,0
CHEMBL2403427,Clc1ccc2[nH]c(SCCn3ccnc3)nc2c1,6.77,Active,278.039295032,1,1
CHEMBL226920,O=[N+]([O-])c1cc2nc(C(F)(F)F)[nH]c2cc1[N+](=O)[O-],6.24,Active,276.010639236,1,1
CHEMBL3921443,Cc1ccc(CCNC(=O)c2ncc([N+](=O)[O-])[nH]2)cc1,5.92,Active,274.10659030799997,1,1
CHEMBL541487,Cc1nc([N+](=O)[O-])cn1CC(=O)NCc1ccccc1,5.1,Active,274.10659030799997,1,1
CHEMBL1269197,CCCSc1ccc2c(c1)nc(C(F)(F)F)n2C,6.7,Active,274.075154076,1,1
CHEMBL1269198,CCCSc1ccc2nc(C(F)(F)F)n(C)c2c1,5.59,Active,274.075154076,1,1
CHEMBL3401733,O=C(CN1CCOCC1)Nc1ncc([N+](=O)[O-])s1,6.52,Active,272.057925864,1,1
CHEMBL326359,CC(C)/N=C(\S)N/N=C/c1ccc([N+](=O)[O-])s1,5.23,Active,272.040167624,1,1
CHEMBL460219,CCOC(=O)c1nc2cc(Cl)c(Cl)cc2n1C,7.53,Active,272.01193292,1,1
CHEMBL460016,CN(C)C(=O)c1nc2cc(Cl)c(Cl)cc2n1C,7.12,Active,271.027917332,1,1
CHEMBL3114392,O=C(Nc1ncc([N+](=O)[O-])s1)NC1CCCCC1,5.78,Active,270.078661308,1,1
CHEMBL3401732,O=C(CN1CCCCC1)Nc1ncc([N+](=O)[O-])s1,5.69,Active,270.078661308,1,1
CHEMBL309579,Nc1ncnc2c1ncn2[C@@H]1O[C@H](CO)[C@@H](O)[C@H]1F,5.53,Active,269.092417464,1,1
CHEMBL72928,Nc1ncnc2c1ncn2[C@@H]1O[C@H](CO)[C@@H](F)[C@H]1O,5.79,Active,269.092417464,1,1
CHEMBL242341,COc1ccc(-c2coc3cc(O)ccc3c2=O)cc1,,Active,268.073558864,0,0
CHEMBL1090,Nc1ncnc2c1ncn2[C@@H]1O[C@H](CO)[C@@H](O)[C@@H]1O,5.44,Active,267.096753896,0,0
CHEMBL1483,CCCSc1ccc2[nH]c(NC(=O)OC)nc2c1,5.8,Active,265.08849772,1,1
CHEMBL1545,O=C(Nc1ncc([N+](=O)[O-])s1)c1ccccc1O,6.68,Active,265.01572670400003,1,1
CHEMBL3983955,O=C(NCc1ccc(F)cc1)c1ncc([N+](=O)[O-])[nH]1,5.64,Active,264.065868368,1,1
CHEMBL228199,FC(F)(F)c1nc2cc(Br)ccc2[nH]1,5.8,Active,263.950994888,1,1
CHEMBL3220679,OCCSc1nc2c(Cl)cc(Cl)cc2[nH]1,6.16,Active,261.973439236,1,1
CHEMBL3895148,Cn1c([N+](=O)[O-])cnc1C(=O)NCc1ccccn1,5.85,Active,261.086189212,1,1
CHEMBL3220676,CCCSc1ccc2[nH]c(C(F)(F)F)nc2c1,6.46,Active,260.059504012,1,1
CHEMBL2403429,Cn1c(SCCn2ccnc2)nc2ccccc21,6.83,Active,258.093917448,1,1
CHEMBL3401730,CCN(CC)CC(=O)Nc1ncc([N+](=O)[O-])s1,5.65,Active,258.078661308,1,1
CHEMBL509963,CNC(=O)c1nc2cc(Cl)c(Cl)cc2n1C,6.65,Active,257.012267268,1,1
CHEMBL3401731,O=C(CN1CCCC1)Nc1ncc([N+](=O)[O-])s1,5.21,Active,256.063011244,1,1
CHEMBL56234,FC(F)(F)c1nc2cc(Cl)c(Cl)cc2[nH]1,6.63,Active,253.962538116,1,1
CHEMBL2236561,CCOC(=O)c1nc2cccc(C)n2c1[N+](=O)[O-],5.04,Active,249.074955832,1,1
CHEMBL1082352,O=C(Nc1ncc([N+](=O)[O-])s1)c1ccccc1,6.91,Active,249.020812084,1,1
CHEMBL3893427,O=C(NCc1ccccn1)c1ncc([N+](=O)[O-])[nH]1,5.15,Active,247.070539148,1,1
CHEMBL3114401,CCOC(=O)C(=O)Nc1ncc([N+](=O)[O-])s1,8.0,Active,245.010641324,1,1
CHEMBL2403426,c1ccc2[nH]c(SCCn3ccnc3)nc2c1,6.75,Active,244.078267384,1,1
CHEMBL444221,CC(O)c1nc2cc(Cl)c(Cl)cc2n1C,7.39,Active,244.0170183,1,1
CHEMBL458035,Cn1c(C(N)=O)nc2cc(Cl)c(Cl)cc21,6.87,Active,242.996617204,1,1
CHEMBL457954,CC(=O)c1nc2cc(Cl)c(Cl)cc2n1C,7.2,Active,242.001368236,1,1
CHEMBL3904079,Cn1c([N+](=O)[O-])cnc1C(=O)N1CCOCC1,6.24,Active,240.085854864,1,1
CHEMBL120563,CN(C)C(=S)SSC(=S)N(C)C,,Active,239.988332384,1,1
CHEMBL3930399,O=C(NC1CCCCC1)c1ncc([N+](=O)[O-])[nH]1,5.62,Active,238.106590308,1,1
CHEMBL459380,CCOC(=O)c1nc2ccc(Cl)cc2n1C,7.72,Active,238.050905272,1,1
CHEMBL460218,CCOC(=O)c1nc2cc(Cl)ccc2n1C,7.57,Active,238.050905272,1,1
CHEMBL460094,CN(C)C(=O)c1nc2cc(Cl)ccc2n1C,6.68,Active,237.066889684,1,1
CHEMBL501597,CN(C)C(=O)c1nc2ccc(Cl)cc2n1C,6.62,Active,237.066889684,1,1
CHEMBL2235864,CCOC(=O)c1nc2ccccn2c1[N+](=O)[O-],5.4,Active,235.059305768,1,1
CHEMBL56473,Cn1c(C(F)(F)F)nc2cc(Cl)ccc21,6.62,Active,234.017160532,1,1
CHEMBL1330029,CCCCC(=O)Nc1ncc([N+](=O)[O-])s1,6.52,Active,229.052112212,1,1
CHEMBL3982388,O=C(c1ncc([N+](=O)[O-])[nH]1)N1CCOCC1,5.54,Active,226.0702048,1,1
CHEMBL3932073,Cn1c([N+](=O)[O-])cnc1C(=O)N1CCCC1,5.77,Active,224.090940244,1,1
CHEMBL459379,CNC(=O)c1nc2ccc(Cl)cc2n1C,6.98,Active,223.05123962,1,1
CHEMBL460007,CNC(=O)c1nc2cc(Cl)ccc2n1C,6.45,Active,223.05123962,1,1
CHEMBL1213036,O=[N+]([O-])c1ccc2nc(Cl)sc2c1,5.7,Active,213.960376016,0,0
CHEMBL3913663,Cn1c([N+](=O)[O-])cnc1C(=O)NC1CC1,5.96,Active,210.07529018,1,1
CHEMBL3939388,O=C(c1ncc([N+](=O)[O-])[nH]1)N1CCCC1,5.77,Active,210.07529018,1,1
CHEMBL454032,CC(O)c1nc2ccc(Cl)cc2n1C,6.96,Active,210.055990652,1,1
CHEMBL460427,CC(O)c1nc2cc(Cl)ccc2n1C,7.02,Active,210.055990652,1,1
CHEMBL452117,Cn1c(C(N)=O)nc2ccc(Cl)cc21,6.96,Active,209.035589556,1,1
CHEMBL500857,Cn1c(C(N)=O)nc2cc(Cl)ccc21,6.73,Active,209.035589556,1,1
CHEMBL445476,CC(=O)c1nc2ccc(Cl)cc2n1C,6.64,Active,208.040340588,1,1
CHEMBL525074,CC(=O)c1nc2cc(Cl)ccc2n1C,6.88,Active,208.040340588,1,1
CHEMBL457937,CCOC(=O)c1nc2ccccc2n1C,7.07,Active,204.089877624,1,1
CHEMBL525997,CN(C)C(=O)c1nc2ccccc2n1C,6.37,Active,203.105862036,1,1
CHEMBL3114400,COC(=O)Nc1ncc([N+](=O)[O-])s1,7.09,Active,203.00007664,1,1
CHEMBL3923122,CN(C)C(=O)c1ncc([N+](=O)[O-])n1C,5.89,Active,198.07529018,1,1
CHEMBL3911410,O=C(NC1CC1)c1ncc([N+](=O)[O-])[nH]1,5.36,Active,196.059640116,1,1
CHEMBL318275,Nc1nc2ccc([N+](=O)[O-])cc2s1,6.2,Active,195.0102474,0,0
CHEMBL457955,CNC(=O)c1nc2ccccc2n1C,6.96,Active,189.090211972,1,1
CHEMBL1080623,Cc1ncc([N+](=O)[O-])n1CCCl,8.22,Active,189.030504176,1,1
CHEMBL2236839,N#Cc1nc2ccccn2c1[N+](=O)[O-],5.01,Active,188.033425368,1,1
CHEMBL1872946,CC(=O)Nc1ncc([N+](=O)[O-])s1,7.66,Active,187.00516202,1,1
CHEMBL3912484,CN(C)C(=O)c1ncc([N+](=O)[O-])[nH]1,5.63,Active,184.059640116,1,1
CHEMBL457956,CC(O)c1nc2ccccc2n1C,6.78,Active,176.094963004,1,1
CHEMBL446985,Cn1c(C(N)=O)nc2ccccc21,6.78,Active,175.074561908,1,1
CHEMBL445790,CC(=O)c1nc2ccccc2n1C,6.68,Active,174.07931294,1,1
CHEMBL137,Cc1ncc([N+](=O)[O-])n1CCO,5.28,Active,171.064391148,1,1
CHEMBL3983345,CNC(=O)c1ncc([N+](=O)[O-])[nH]1,5.07,Active,170.043990052,1,1
CHEMBL1531829,O=[N+]([O-])c1cnc2ccccn12,5.61,Active,163.0381764,1,1
CHEMBL38938,Cc1ncc([N+](=O)[O-])n1C,6.15,Active,141.053826464,1,1
CHEMBL454026,Cn1cncc1[N+](=O)[O-],6.2,Active,127.0381764,1,1
CHEMBL267345,C[C@@H]1[C@H](O)[C@@H](C)/C=C/C=C/C=C/C=C/C=C/C=C/C=C/[C@H](O[C@@H]2O[C@H](C)[C@@H](O)[C@H](N)[C@@H]2O)C[C@@H]2O[C@](O)(C[C@@H](O)C[C@@H](O)[C@H](O)CC[C@@H](O)C[C@@H](O)CC(=O)O[C@H]1C)C[C@H](O)[C@H]2C(=O)O,4.92,Inactive,923.4878498760002,0,1
CHEMBL381894,COc1cc2oc3ccccc3c2cc1N(C(=O)c1ccc2nc(-c3ccccc3)c(-c3ccccc3)nc2c1)C(=O)c1ccc2nc(-c3ccccc3)c(-c3ccccc3)nc2c1,,Inactive,829.2689045999999,0,1
CHEMBL204238,CCn1c2ccccc2c2cc(N(C(=O)c3ccc4nc(-c5ccccc5)c(-c5ccccc5)nc4c3)C(=O)c3ccc4nc(-c5ccccc5)c(-c5ccccc5)nc4c3)ccc21,,Inactive,826.3056244559999,0,1
CHEMBL3758389,COc1ccc(/C=C/C(=O)c2ccccc2OCc2cn(CCC[Si]34OCCN(CCO3)CCO4)nn2)c(OC)c1OC,4.67,Inactive,610.2458907060001,0,1
CHEMBL3758811,COc1ccc(/C=C/C(=O)c2ccc(OCc3cn(CCC[Si]45OCCN(CCO4)CCO5)nn3)cc2)c(OC)c1OC,4.74,Inactive,610.2458907060001,0,1
CHEMBL3758917,COc1ccc(/C=C/C(=O)c2cccc(OCc3cn(CCC[Si]45OCCN(CCO4)CCO5)nn3)c2)c(OC)c1OC,4.38,Inactive,610.2458907060001,0,1
CHEMBL3758207,COc1ccc(/C=C/C(=O)c2ccccc2OCc2cn(CCC[Si]34OCCN(CCO3)CCO4)nn2)c(OC)c1,4.66,Inactive,580.235326022,0,1
CHEMBL3758704,COc1ccc(/C=C/C(=O)c2cccc(OCc3cn(CCC[Si]45OCCN(CCO4)CCO5)nn3)c2)c(OC)c1,4.36,Inactive,580.235326022,0,1
CHEMBL3760104,COc1ccc(/C=C/C(=O)c2ccc(OCc3cn(CCC[Si]45OCCN(CCO4)CCO5)nn3)cc2)c(OC)c1,4.64,Inactive,580.235326022,0,1
CHEMBL4092119,O=C1/C(=C/c2ccc(I)cc2)C[C@@]2(O)[C@H]3Cc4ccc(O)c5c4[C@@]2(CCN3CC2CC2)[C@H]1O5,4.98,Inactive,555.0906563120001,0,1
CHEMBL3758237,O=C(/C=C/c1ccc(Cl)cc1)c1ccc(OCc2cn(CCC[Si]34OCCN(CCO3)CCO4)nn2)cc1,4.66,Inactive,554.1752243020001,0,1
CHEMBL3758750,O=C(/C=C/c1ccc(Cl)cc1)c1cccc(OCc2cn(CCC[Si]34OCCN(CCO3)CCO4)nn2)c1,4.25,Inactive,554.1752243020001,0,1
CHEMBL3759393,O=C(/C=C/c1ccc(Cl)cc1)c1ccccc1OCc1cn(CCC[Si]23OCCN(CCO2)CCO3)nn1,4.65,Inactive,554.175224302,0,1
CHEMBL3245222,CN[C@@H]1[C@@H](O)[C@@H](O[C@@H]2[C@@H](O)[C@H](O[C@H]3OC(CNCCc4ccccc4)=CC[C@H]3N)[C@@H](N)C[C@H]2N)OC[C@]1(C)O,,Inactive,551.33189878,0,1
CHEMBL3758190,COc1ccccc1/C=C/C(=O)c1cccc(OCc2cn(CCC[Si]34OCCN(CCO3)CCO4)nn2)c1,4.37,Inactive,550.224761338,0,1
CHEMBL3758387,COc1ccccc1/C=C/C(=O)c1ccccc1OCc1cn(CCC[Si]23OCCN(CCO2)CCO3)nn1,4.62,Inactive,550.224761338,0,1
CHEMBL3758469,COc1ccc(/C=C/C(=O)c2ccc(OCc3cn(CCC[Si]45OCCN(CCO4)CCO5)nn3)cc2)cc1,4.67,Inactive,550.224761338,0,1
CHEMBL3758799,COc1ccc(/C=C/C(=O)c2ccccc2OCc2cn(CCC[Si]34OCCN(CCO3)CCO4)nn2)cc1,4.57,Inactive,550.224761338,0,1
CHEMBL3759187,COc1ccccc1/C=C/C(=O)c1ccc(OCc2cn(CCC[Si]34OCCN(CCO3)CCO4)nn2)cc1,4.64,Inactive,550.224761338,0,1
CHEMBL3759290,COc1ccc(/C=C/C(=O)c2cccc(OCc3cn(CCC[Si]45OCCN(CCO4)CCO5)nn3)c2)cc1,4.52,Inactive,550.224761338,0,1
CHEMBL226921,FC(F)(F)C(F)(F)c1nc2c(Br)c(Br)c(Br)c(Br)c2[nH]1,5.0,Inactive,547.6793375320001,1,0
CHEMBL2375532,O=C1C(=O)N(Cc2cn([C@@H]3C(=O)N(c4ccc(Cl)cc4)[C@@H]3/C=C/c3ccccc3)nn2)c2ccc(Cl)cc21,5.0,Inactive,543.086494828,1,0
CHEMBL202245,CCc1ccc(OCc2ccccc2NC(=O)c2ccc3nc(-c4ccccc4)c(-c4ccccc4)nc3c2)cc1,,Inactive,535.2259771680001,0,1
CHEMBL201342,CCc1ccc(OCc2ccccc2C(=O)Nc2ccc3nc(-c4ccccc4)c(-c4ccccc4)nc3c2)cc1,,Inactive,535.2259771680001,0,1
CHEMBL3758234,Cc1ccc(/C=C/C(=O)c2ccccc2OCc2cn(CCC[Si]34OCCN(CCO3)CCO4)nn2)cc1,4.3,Inactive,534.2298467180001,0,1
CHEMBL3758786,Cc1ccc(/C=C/C(=O)c2ccc(OCc3cn(CCC[Si]45OCCN(CCO4)CCO5)nn3)cc2)cc1,4.61,Inactive,534.2298467180001,0,1
CHEMBL3245231,CN[C@@H]1[C@@H](O)[C@@H](O[C@@H]2[C@@H](O)[C@H](O[C@H]3OC(CNN4CCOCC4)=CC[C@H]3N)[C@@H](N)C[C@H]2N)OC[C@]1(C)O,,Inactive,532.322062368,0,1
CHEMBL3245235,CN[C@@H]1[C@@H](O)[C@@H](O[C@@H]2[C@@H](O)[C@H](O[C@H]3OC(/C=N/N4CCOCC4)=CC[C@H]3N)[C@@H](N)C[C@H]2N)OC[C@]1(C)O,,Inactive,530.306412304,0,1
CHEMBL3115696,O=c1c(C(Nc2ccc(I)cc2)c2nnnn2C2CCCCC2)coc2ccccc12,,Inactive,527.0818229440001,0,1
CHEMBL3115690,O=c1c(C(Nc2ccccc2I)c2nnnn2C2CCCCC2)coc2ccccc12,,Inactive,527.0818229440001,0,1
CHEMBL2375535,Cc1ccc(N2C(=O)[C@@H](n3cc(CN4C(=O)C(=O)c5cc(Cl)ccc54)nn3)[C@H]2/C=C/c2ccccc2)cc1,5.0,Inactive,523.141117244,0,1
CHEMBL3245234,CC(=O)O.CN[C@@H]1[C@@H](O)[C@@H](O[C@@H]2[C@@H](O)[C@H](O[C@H]3OC(/C=N\O)=CC[C@H]3N)[C@@H](N)C[C@H]2N)OC[C@]1(C)O,,Inactive,521.269692448,0,1
CHEMBL202511,COc1cc2oc3ccccc3c2cc1NC(=O)c1ccc2nc(-c3ccccc3)c(-c3ccccc3)nc2c1,,Inactive,521.1739415960001,0,1
CHEMBL3758662,O=C(/C=C/c1ccccc1)c1ccc(OCc2cn(CCC[Si]34OCCN(CCO3)CCO4)nn2)cc1,4.57,Inactive,520.214196654,0,1
CHEMBL3758729,O=C(/C=C/c1ccccc1)c1cccc(OCc2cn(CCC[Si]34OCCN(CCO3)CCO4)nn2)c1,4.18,Inactive,520.214196654,0,1
CHEMBL3759497,O=C(/C=C/c1ccccc1)c1ccccc1OCc1cn(CCC[Si]23OCCN(CCO2)CCO3)nn1,4.63,Inactive,520.214196654,0,1
CHEMBL3219470,O=C1C(=O)N(CC(CO)N[C@@H]2C(=O)N(c3ccc(Cl)cc3)[C@@H]2/C=C/c2ccccc2)c2ccc(F)cc21,4.56,Inactive,519.1361121159999,0,1
CHEMBL202486,CCn1c2ccccc2c2cc(NC(=O)c3ccc4nc(-c5ccccc5)c(-c5ccccc5)nc4c3)ccc21,,Inactive,518.2106614520001,0,1
CHEMBL3219464,Cc1ccc2c(c1)C(=O)C(=O)N2CC(CO)N[C@@H]1C(=O)N(c2ccc(Cl)cc2)[C@@H]1/C=C/c1ccccc1,4.83,Inactive,515.161183992,0,1
CHEMBL2375534,Cc1ccc(N2C(=O)[C@@H](n3cc(CN4C(=O)C(=O)c5cc(F)ccc54)nn3)[C@H]2/C=C/c2ccccc2)cc1,4.66,Inactive,507.17066778400005,0,1
CHEMBL4071324,O=C1/C(=C/c2ccc(Br)cc2)C[C@@]2(O)[C@H]3Cc4ccc(O)c5c4[C@@]2(CCN3CC2CC2)[C@H]1O5,4.95,Inactive,507.10452041199994,0,1
CHEMBL4279419,O=C1C(=O)N(CCCCN2C(=O)C(=O)c3cc(Br)ccc32)c2ccc(Br)cc21,4.6,Inactive,503.932031128,0,1
CHEMBL3245221,CN[C@@H]1[C@@H](O)[C@@H](O[C@@H]2[C@@H](O)[C@H](O[C@H]3OC(CNC(C)(C)C)=CC[C@H]3N)[C@@H](N)C[C@H]2N)OC[C@]1(C)O,,Inactive,503.33189878,0,1
CHEMBL3219461,O=C1C(=O)N(CC(CO)N[C@@H]2C(=O)N(c3ccc(Cl)cc3)[C@@H]2/C=C/c2ccccc2)c2ccccc21,4.61,Inactive,501.14553392799996,0,1
CHEMBL3115695,CC(C)(C)n1nnnc1C(Nc1ccc(I)cc1)c1coc2ccccc2c1=O,,Inactive,501.06617287999995,0,1
CHEMBL3115689,CC(C)(C)n1nnnc1C(Nc1ccccc1I)c1coc2ccccc2c1=O,,Inactive,501.06617287999995,0,1
CHEMBL4163856,CC(C)C(=O)C1=C(O)C(C)(C)C(O)=C(Cc2c(O)c3c(c(C(=O)C(C)C)c2O)OC(C)(C)C=C3)C1O,,Inactive,500.2410181119999,0,1
CHEMBL4061882,O=C1/C(=C/c2ccc(C(F)(F)F)cc2)C[C@@]2(O)[C@H]3Cc4ccc(O)c5c4[C@@]2(CCN3CC2CC2)[C@H]1O5,4.86,Inactive,497.18139297199997,0,1
CHEMBL3245228,CN[C@@H]1[C@@H](O)[C@@H](O[C@@H]2[C@@H](O)[C@H](O[C@H]3O[C@H](C(C)N)[C@@H](O)[C@H](O)[C@H]3N)[C@@H](N)C[C@H]2N)OC[C@]1(C)O,,Inactive,495.290427892,0,1
CHEMBL2375540,Cc1ccc2c(c1)C(=O)C(=O)N2Cc1cn([C@@H]2C(=O)N(C3CCCCC3)[C@@H]2/C=C/c2ccccc2)nn1,4.35,Inactive,495.22703978800007,0,1
CHEMBL3245226,CNC(C)[C@]1(O)CC[C@@H](N)[C@@H](O[C@H]2[C@H](O)[C@@H](O[C@H]3OC[C@](C)(O)[C@H](NC)[C@H]3O)[C@H](N)C[C@@H]2N)O1,,Inactive,493.311163336,0,1
CHEMBL3245223,CN[C@@H]1[C@@H](O)[C@@H](O[C@@H]2[C@@H](O)[C@H](O[C@H]3OC(CNCCO)=CC[C@H]3N)[C@@H](N)C[C@H]2N)OC[C@]1(C)O,,Inactive,491.29551327200005,0,1
CHEMBL3115699,COc1cc(NC(c2coc3ccccc3c2=O)c2nnnn2C2CCCCC2)cc(OC)c1OC,,Inactive,491.216869028,0,1
CHEMBL205181,O=C(Nc1cccc2c1oc1ccccc12)c1ccc2nc(-c3ccccc3)c(-c3ccccc3)nc2c1,,Inactive,491.16337691200005,0,1
CHEMBL2375533,Cc1ccc(N2C(=O)[C@@H](n3cc(CN4C(=O)C(=O)c5ccccc54)nn3)[C@H]2/C=C/c2ccccc2)cc1,4.56,Inactive,489.1800895960001,0,1
CHEMBL1213355,COc1cc(NS(C)(=O)=O)ccc1Nc1nc2ccc(Nc3ccccc3C(=O)O)cc2s1,4.66,Inactive,484.08751173999997,0,1
CHEMBL3115698,COc1ccc(NC(c2coc3ccccc3c2=O)c2nnnn2-c2c(C)cccc2C)cc1OC,,Inactive,483.1906542800001,0,1
CHEMBL3245227,CN[C@@H]1[C@@H](O)[C@@H](O[C@@H]2[C@@H](O)[C@H](O[C@H]3O[C@H](CN)[C@@H](O)[C@H](O)[C@H]3N)[C@@H](N)C[C@H]2N)OC[C@]1(C)O,,Inactive,481.274777828,0,1
CHEMBL3219460,Cc1ccc(N2C(=O)[C@@H](NC(CO)CN3C(=O)C(=O)c4ccccc43)[C@H]2/C=C/c2ccccc2)cc1,4.72,Inactive,481.20015634400005,0,1
CHEMBL4104363,O=C1/C(=C/c2ccnc3ccccc23)C[C@@]2(O)[C@H]3Cc4ccc(O)c5c4[C@@]2(CCN3CC2CC2)[C@H]1O5,4.76,Inactive,480.204907376,0,1
CHEMBL3115505,O=c1c(C(Nc2ccccc2Br)c2nnnn2C2CCCCC2)coc2ccccc12,,Inactive,479.09568704400004,0,1
CHEMBL3245229,CN[C@@H]1[C@@H](O)[C@@H](O[C@@H]2[C@@H](O)[C@H](O[C@H]3OC(CNOC)=CC[C@H]3N)[C@@H](N)C[C@H]2N)OC[C@]1(C)O,,Inactive,477.27986320800005,0,1
CHEMBL3245232,CN[C@@H]1[C@@H](O)[C@@H](O[C@@H]2[C@@H](O)[C@H](O[C@H]3OC(/C=N\OC)=CC[C@H]3N)[C@@H](N)C[C@H]2N)OC[C@]1(C)O,,Inactive,475.26421314400005,0,1
CHEMBL3219462,O=C1C(=O)N(CC(CO)N[C@@H]2C(=O)N(C3CCCCC3)[C@@H]2/C=C/c2ccccc2)c2ccccc21,4.73,Inactive,473.23145647200005,0,1
CHEMBL3632690,CN(C)c1ccc(/C=C2\C[C@@]3(O)[C@H]4Cc5ccc(O)c6c5[C@@]3(CCN4CC3CC3)[C@@H](O6)C2=O)cc1,4.88,Inactive,472.236207504,0,1
CHEMBL220884,CN[C@@H]1[C@@H](O)[C@@H](O[C@@H]2[C@@H](O)[C@H](O[C@H]3O[C@H](C(C)N)CC[C@H]3N)[C@@H](N)C[C@H]2N)OC[C@]1(C)O,,Inactive,463.300598652,0,1
CHEMBL4070277,O=C1/C(=C/c2ccc(Cl)cc2)C[C@@]2(O)[C@H]3Cc4ccc(O)c5c4[C@@]2(CCN3CC2CC2)[C@H]1O5,4.9,Inactive,463.15503599199997,0,1
CHEMBL3245230,CN[C@@H]1[C@@H](O)[C@@H](O[C@@H]2[C@@H](O)[C@H](O[C@H]3OC(CNN)=CC[C@H]3N)[C@@H](N)C[C@H]2N)OC[C@]1(C)O,,Inactive,462.280197556,0,1
CHEMBL3245220,CNCC1=CC[C@@H](N)[C@@H](O[C@H]2[C@H](O)[C@@H](O[C@H]3OC[C@](C)(O)[C@H](NC)[C@H]3O)[C@H](N)C[C@@H]2N)O1,,Inactive,461.284948588,0,1
CHEMBL201822,CCCCCCCCCCCCCCCC(=O)Nc1ccc2nccnc2c1Br,,Inactive,461.20417487200007,0,1
CHEMBL3245233,CN[C@@H]1[C@@H](O)[C@@H](O[C@@H]2[C@@H](O)[C@H](O[C@H]3OC(/C=N\N)=CC[C@H]3N)[C@@H](N)C[C@H]2N)OC[C@]1(C)O,,Inactive,460.264547492,0,1
CHEMBL2059382,COc1ccc(/C=C2\C[C@@]3(O)[C@H]4Cc5ccc(O)c6c5[C@@]3(CCN4CC3CC3)[C@@H](O6)C2=O)cc1,4.85,Inactive,459.20457302799997,0,1
CHEMBL4756651,Cl.O=[N+]([O-])c1ccc2c(c1)c(OCCCCCN1CCCCC1)nn2Cc1ccccc1,4.16,Inactive,458.20846853200004,0,1
CHEMBL4746947,O=C1c2ccccc2C(=O)N1CCCOc1nn(Cc2ccccc2)c2ccc([N+](=O)[O-])cc12,4.15,Inactive,456.14336973999997,0,1
CHEMBL4089193,N#Cc1ccc(/C=C2\C[C@@]3(O)[C@H]4Cc5ccc(O)c6c5[C@@]3(CCN4CC3CC3)[C@@H](O6)C2=O)cc1,4.88,Inactive,454.189257312,0,1
CHEMBL4096636,N#Cc1cccc(/C=C2\C[C@@]3(O)[C@H]4Cc5ccc(O)c6c5[C@@]3(CCN4CC3CC3)[C@@H](O6)C2=O)c1,4.75,Inactive,454.189257312,0,1
CHEMBL3115700,CC(C)(C)n1nnnc1C(Nc1ccccc1Br)c1coc2ccccc2c1=O,,Inactive,453.08003697999993,0,1
CHEMBL3245225,CN[C@@H]1[C@@H](O)[C@@H](O[C@@H]2[C@@H](O)[C@H](O[C@H]3O[C@@H](CN)CC[C@H]3N)[C@@H](N)C[C@H]2N)OC[C@]1(C)O,,Inactive,449.284948588,0,1
CHEMBL2059381,O=C1/C(=C/c2ccc(F)cc2)C[C@@]2(O)[C@H]3Cc4ccc(O)c5c4[C@@]2(CCN3CC2CC2)[C@H]1O5,4.89,Inactive,447.18458653199997,0,1
CHEMBL4081053,O=C1/C(=C/c2cccc(F)c2)C[C@@]2(O)[C@H]3Cc4ccc(O)c5c4[C@@]2(CCN3CC2CC2)[C@H]1O5,4.85,Inactive,447.18458653199997,0,1
CHEMBL4105306,O=C1/C(=C/c2ccccc2F)C[C@@]2(O)[C@H]3Cc4ccc(O)c5c4[C@@]2(CCN3CC2CC2)[C@H]1O5,4.73,Inactive,447.18458653199997,0,1
CHEMBL3115506,O=c1c(C(Nc2ccccc2[N+](=O)[O-])c2nnnn2C2CCCCC2)coc2ccccc12,,Inactive,446.170253184,0,1
CHEMBL3115697,O=c1c(C(Nc2ccc([N+](=O)[O-])cc2)c2nnnn2C2CCCCC2)coc2ccccc12,,Inactive,446.170253184,0,1
CHEMBL4750030,O=C1c2ccccc2C(=O)N1CCOc1nn(Cc2ccccc2)c2ccc([N+](=O)[O-])cc12,,Inactive,442.12771967599997,0,1
CHEMBL4066775,O=C1/C(=C/c2cccs2)C[C@@]2(O)[C@H]3Cc4ccc(O)c5c4[C@@]2(CCN3CC2CC2)[C@H]1O5,4.67,Inactive,435.15042928,1,0
CHEMBL3115694,O=c1c(C(Nc2ccc(Cl)cc2)c2nnnn2C2CCCCC2)coc2ccccc12,,Inactive,435.14620262399995,0,1
CHEMBL4172920,COc1cc(O)c2c(c1C)[C@H](C)[C@](O)(COC(=O)c1c(O)cc(O)c(C)c1C)OC2=O,,Inactive,432.14203234799993,0,1
CHEMBL201096,O=C(Nc1ccc2nccnc2c1Br)c1ccc(C(=O)c2ccccc2)cc1,,Inactive,431.02693878799994,0,1
CHEMBL4789483,Cl.O=[N+]([O-])c1ccc2c(c1)c(OCCCN1CCCCC1)nn2Cc1ccccc1,,Inactive,430.17716840400004,0,1
CHEMBL252172,O=C1/C(=C/c2ccccc2)C[C@@]2(O)[C@H]3Cc4ccc(O)c5c4[C@@]2(CCN3CC2CC2)[C@H]1O5,4.66,Inactive,429.194008344,0,1
CHEMBL1289768,O[C@@H]1[C@H](O)[C@@H](C=CI)O[C@H]1n1cnc2c(NC3CC3)ncnc21,,Inactive,429.0297873720001,0,1
CHEMBL3792611,Cc1ccc(S(=O)(=O)n2c3ccc([N+](=O)[O-])cc3c(=O)n2Cc2ccccc2)cc1,,Inactive,423.088891644,0,1
CHEMBL201441,CCCCCCCCCCCCC(=O)Nc1ccc2nccnc2c1Br,,Inactive,419.15722467999996,0,1
CHEMBL4743080,O=[N+]([O-])c1ccc2c(c1)c(OCCCCCBr)nn2Cc1ccccc1,,Inactive,417.0688036,0,1
CHEMBL4758748,Cl.O=[N+]([O-])c1ccc2c(c1)c(OCCN1CCCCC1)nn2Cc1ccccc1,,Inactive,416.16151834000004,0,1
CHEMBL3793160,COC(=O)CN1c2ccc([N+](=O)[O-])cc2C(=O)N(Cc2ccccc2)C1C(=O)OC,4.24,Inactive,413.122299948,0,1
CHEMBL382464,CCCCCCCCCCCCCCCC(=O)Nc1ccc2nc(C)c(C)nc2c1,,Inactive,411.32496293200006,0,1
CHEMBL205182,CCc1ccc(OCc2ccccc2NC(=O)c2ccc3nc(C)c(C)nc3c2)cc1,,Inactive,411.1946770400001,0,1
CHEMBL202192,CCc1ccc(OCc2ccccc2C(=O)Nc2ccc3nc(C)c(C)nc3c2)cc1,,Inactive,411.1946770400001,0,1
CHEMBL3115693,CC(C)(C)n1nnnc1C(Nc1ccc(Cl)cc1)c1coc2ccccc2c1=O,,Inactive,409.13055255999996,0,1
CHEMBL125,CCCCCCCCCCCCCCCCOP(=O)([O-])OCC[N+](C)(C)C,4.84,Inactive,407.316445582,0,1
CHEMBL1213318,CN(C)c1ccc(Nc2nc3ccc(Nc4ccccc4C(=O)O)cc3s2)cc1,4.58,Inactive,404.13069687999996,0,1
CHEMBL3792797,O=C(OCc1ccccc1)n1c2ccc([N+](=O)[O-])cc2c(=O)n1Cc1ccccc1,,Inactive,403.11682064400003,0,1
CHEMBL3115692,O=c1c(C(Nc2ccccc2)c2nnnn2C2CCCCC2)coc2ccccc12,,Inactive,401.185174976,0,1
CHEMBL1213389,CCN(CC)CCCNc1nc2ccc(Nc3ccccc3C(=O)O)cc2s1,,Inactive,398.17764707199996,0,1
CHEMBL204793,CCc1ccc(OCc2ccccc2NC(=O)c2ccc3nc(C)cnc3c2)cc1,,Inactive,397.1790269760001,0,1
CHEMBL371636,CCc1ccc(OCc2ccccc2C(=O)Nc2ccc3nc(C)cnc3c2)cc1,,Inactive,397.1790269760001,0,1
CHEMBL1213039,COc1cc(NS(C)(=O)=O)ccc1Nc1nc2ccc([N+](=O)[O-])cc2s1,4.08,Inactive,394.04056154799997,0,1
CHEMBL4795052,CN(C)CCCOc1nn(Cc2ccccc2)c2ccc([N+](=O)[O-])cc12.Cl,4.2,Inactive,390.145868276,0,1
CHEMBL3792792,O=c1c2cc([N+](=O)[O-])ccc2n(CCCBr)n1Cc1ccccc1,4.1,Inactive,389.037503472,0,1
CHEMBL3794364,O=[N+]([O-])c1ccc2nn(Cc3ccccc3)c(OCCCBr)c2c1,4.41,Inactive,389.037503472,0,1
CHEMBL206231,Nc1ncnc2c1ncn2[C@@H]1O[C@H](/C=C\I)[C@@H](O)[C@H]1O,4.12,Inactive,388.99848724399993,0,1
CHEMBL381718,Nc1ncnc2c1ncn2[C@@H]1O[C@H](/C=C/I)[C@@H](O)[C@H]1O,4.22,Inactive,388.99848724399993,0,1
CHEMBL4276974,O=C1C(=O)N(CCN2C(=O)C(=O)c3cc(Cl)ccc32)c2ccc(Cl)cc21,4.82,Inactive,388.00176216,0,1
CHEMBL1223561,O=C(NCCNc1ccnc2cc(Cl)ccc12)Nc1ccc([N+](=O)[O-])cc1,4.92,Inactive,385.09416705199993,0,1
CHEMBL1223559,CCOc1ccc(NC(=O)NCCNc2ccnc3cc(Cl)ccc23)cc1,4.52,Inactive,384.135303592,0,1
CHEMBL203040,CCc1ccc(OCc2ccccc2NC(=O)c2ccc3nccnc3c2)cc1,,Inactive,383.1633769120001,0,1
CHEMBL201872,CCc1ccc(OCc2ccccc2C(=O)Nc2ccc3nccnc3c2)cc1,,Inactive,383.1633769120001,0,1
CHEMBL3793918,CCOC(=O)CCCOc1c2cc([N+](=O)[O-])ccc2nn1Cc1ccccc1,4.69,Inactive,383.1481207720001,0,1
CHEMBL3793913,CCOC(=O)CCCn1c2ccc([N+](=O)[O-])cc2c(=O)n1Cc1ccccc1,,Inactive,383.148120772,0,1
CHEMBL3792406,CN(C)C(=O)CCCn1c2ccc([N+](=O)[O-])cc2c(=O)n1Cc1ccccc1,4.31,Inactive,382.164105184,0,1
CHEMBL1080590,CC1(C)OC(=O)C(=CNc2ccccc2-c2nc3ccccc3s2)C(=O)O1,,Inactive,380.08307799199997,0,1
CHEMBL1078340,CC1(C)OC(=O)C(=CNc2cccc(-c3nc4ccccc4s3)c2)C(=O)O1,,Inactive,380.08307799199997,0,1
CHEMBL4571358,O=C(c1ccc(O)cc1)C(c1c(O)c2ccccc2oc1=O)N1CCCCC1,4.53,Inactive,379.14197277200003,0,1
CHEMBL381484,O=C(Nc1ccc2nccnc2c1Br)c1ccc2ccccc2n1,,Inactive,378.011623072,0,1
CHEMBL1213356,O=C(O)c1ccccc1Nc1ccc2nc(Nc3cccc(O)c3)sc2c1,,Inactive,377.08341233999994,0,1
CHEMBL2046927,CN(C)CCOc1nn(Cc2ccccc2)c2ccc([N+](=O)[O-])cc12.Cl,,Inactive,376.130218212,0,1
CHEMBL3115691,CC(C)(C)n1nnnc1C(Nc1ccccc1)c1coc2ccccc2c1=O,,Inactive,375.169524912,0,1
CHEMBL3794576,O=[N+]([O-])c1ccc2nn(Cc3ccccc3)c(OCCBr)c2c1,4.19,Inactive,375.021853408,0,1
CHEMBL3794289,O=c1c2cc([N+](=O)[O-])ccc2n(CCBr)n1Cc1ccccc1,,Inactive,375.021853408,0,1
CHEMBL4792175,O=[N+]([O-])c1ccc2c(c1)c(OCCBr)nn2Cc1ccccc1,,Inactive,375.021853408,0,1
CHEMBL3793634,O=C(c1ccccc1)n1c2ccc([N+](=O)[O-])cc2c(=O)n1Cc1ccccc1,,Inactive,373.10625596000006,0,1
CHEMBL4164615,COc1cc(O)c2c(c1C)[C@H](C)[C@](O)(CSCC(O)C(=O)O)OC2=O,,Inactive,372.08788859999987,0,1
CHEMBL1222473,COc1ccc(NC(=O)NCCNc2ccnc3cc(Cl)ccc23)cc1,4.66,Inactive,370.119653528,0,1
CHEMBL4289798,O=C1C(=O)N(CCCN2C(=O)C(=O)c3cc(F)ccc32)c2ccc(F)cc21,4.9,Inactive,370.076513304,0,1
CHEMBL203589,COc1cc2oc3ccccc3c2cc1NC(=O)c1ccc2nccnc2c1,,Inactive,369.1113413400001,0,1
CHEMBL3577388,Cn1c(=O)c(=O)n(CCCCCBr)c2ccc([N+](=O)[O-])cc21,,Inactive,369.032418092,0,1
CHEMBL3577377,CN1C(=O)CN(CCCN2CCCCC2)c2ccc([N+](=O)[O-])cc21.Cl,,Inactive,368.16151834,0,1
CHEMBL3792898,CNC(=O)CCCn1c2ccc([N+](=O)[O-])cc2c(=O)n1Cc1ccccc1,,Inactive,368.14845512,0,1
CHEMBL381402,CCn1c2ccccc2c2cc(NC(=O)c3ccc4nccnc4c3)ccc21,,Inactive,366.148061196,0,1
CHEMBL2032107,COc1ccc(SC[C@H]2O[C@@H](n3ccc(=O)[nH]c3=O)[C@H](O)[C@@H]2O)cc1,,Inactive,366.0885572959999,0,1
CHEMBL1213258,COc1cc(NS(C)(=O)=O)ccc1Nc1nc2ccc(N)cc2s1,,Inactive,364.066382372,0,1
CHEMBL4745215,CNCCOc1nn(Cc2ccccc2)c2ccc([N+](=O)[O-])cc12.Cl,4.13,Inactive,362.114568148,0,1
CHEMBL1213391,O=C(O)c1ccccc1Nc1ccc2nc(Nc3ccccc3)sc2c1,4.39,Inactive,361.08849772,0,1
CHEMBL255672,C[C@@H]1CC(=O)C2=C(C[C@@H](O)[C@]3(O)[C@H]2C(=O)c2cccc(O)c2[C@@H]3O)[C@H]1O,,Inactive,360.1209029799999,0,1
CHEMBL442446,C[C@@H]1CC(=O)C2=C(C3OC3[C@]3(O)[C@H]2C(=O)c2cccc(O)c2[C@@H]3O)[C@H]1O,,Inactive,358.1052529159999,0,1
CHEMBL1223558,O=C(NCCNc1ccnc2cc(Cl)ccc12)Nc1ccc(F)cc1,4.63,Inactive,358.09966703199996,0,1
CHEMBL3577375,CCN(CC)CCCN1CC(=O)N(C)c2cc([N+](=O)[O-])ccc21.Cl,4.49,Inactive,356.16151834,0,1
CHEMBL3792986,CCOCCCn1c2ccc([N+](=O)[O-])cc2c(=O)n1Cc1ccccc1,,Inactive,355.15320615200005,0,1
CHEMBL3794463,COC(=O)CCOc1c2cc([N+](=O)[O-])ccc2nn1Cc1ccccc1,4.37,Inactive,355.11682064400003,0,1
CHEMBL3793120,COC(=O)CCn1c2ccc([N+](=O)[O-])cc2c(=O)n1Cc1ccccc1,,Inactive,355.11682064400003,0,1
CHEMBL3794506,CC(=O)OCCn1c2ccc([N+](=O)[O-])cc2c(=O)n1Cc1ccccc1,,Inactive,355.11682064400003,0,1
CHEMBL3577383,O=c1[nH]c2cc([N+](=O)[O-])ccc2n(CCCCCBr)c1=O,,Inactive,355.016768028,0,1
CHEMBL3577372,Cl.O=C1CN(CCCN2CCCCC2)c2ccc([N+](=O)[O-])cc2N1,4.74,Inactive,354.145868276,0,1
CHEMBL3794210,NC(=O)CCCn1c2ccc([N+](=O)[O-])cc2c(=O)n1Cc1ccccc1,,Inactive,354.132805056,0,1
CHEMBL1213388,O=C(O)c1ccccc1Nc1ccc2nc(N3CCCCC3)sc2c1,4.08,Inactive,353.119797848,0,1
CHEMBL4795404,Cl.NCCOc1nn(Cc2ccccc2)c2ccc([N+](=O)[O-])cc12,4.84,Inactive,348.098918084,0,1
CHEMBL1223488,O=C(NCCNc1ccnc2cc(Cl)ccc12)NC1CCCCC1,4.18,Inactive,346.156039036,0,1
CHEMBL257596,C[C@@H]1CC(=O)C2=C(C1)C[C@@H](O)[C@]1(O)[C@H]2C(=O)c2cccc(O)c2[C@@H]1O,,Inactive,344.12598835999995,0,1
CHEMBL3577370,CCN(CC)CCCN1CC(=O)Nc2cc([N+](=O)[O-])ccc21.Cl,4.41,Inactive,342.145868276,0,1
CHEMBL256704,C[C@@H]1CC(=O)C2=C(C1)C1OC1[C@]1(O)[C@H]2C(=O)c2cccc(O)c2[C@@H]1O,,Inactive,342.11033829599995,0,1
CHEMBL3794187,COC(=O)Cn1c2ccc([N+](=O)[O-])cc2c(=O)n1Cc1ccccc1,,Inactive,341.10117058000003,0,1
CHEMBL3792685,CCOC(=O)n1c2ccc([N+](=O)[O-])cc2c(=O)n1Cc1ccccc1,,Inactive,341.10117058000003,0,1
CHEMBL3577371,Cl.O=C1CN(CCN2CCCCC2)c2ccc([N+](=O)[O-])cc2N1,4.51,Inactive,340.130218212,0,1
CHEMBL1223489,O=C(NCCNc1ccnc2cc(Cl)ccc12)Nc1ccccc1,4.34,Inactive,340.109088844,0,1
CHEMBL3577389,Cn1c(=O)c(=O)n(CCCCCCCl)c2ccc([N+](=O)[O-])cc21,4.59,Inactive,339.09858373599997,0,1
CHEMBL2032106,O=c1ccn([C@@H]2O[C@H](CSc3ccccc3)[C@@H](O)[C@H]2O)c(=O)[nH]1,,Inactive,336.07799261199995,0,1
CHEMBL381690,Cc1nc2ccc(NC(=O)C34CC5CC(CC(C5)C3)C4)cc2nc1C,,Inactive,335.19976242,0,1
CHEMBL1589212,Cc1ncc([N+](=O)[O-])n1CCOC(=O)Nc1ccc([N+](=O)[O-])cc1,5.0,Inactive,335.086583136,0,1
CHEMBL201095,CCCCCCC(=O)Nc1ccc2nccnc2c1Br,,Inactive,335.06332429599996,0,1
CHEMBL1222724,O=C(Nc1ccc(Cl)c(Cl)c1)c1cccc(C(F)(F)F)c1,4.11,Inactive,332.993503896,0,1
CHEMBL1081142,CN(C)c1nc2ccc(NC=C3C(=O)OC(C)(C)OC3=O)cc2o1,,Inactive,331.116820644,0,1
CHEMBL1213319,O=C(O)c1ccccc1Nc1ccc2nc(NCCO)sc2c1,,Inactive,329.08341234000005,0,1
CHEMBL413029,C[C@@H]1CC(=O)C2=C(CC[C@]3(O)[C@H]2C(=O)c2cccc(O)c2[C@@H]3O)C1,,Inactive,328.13107374,0,1
CHEMBL570535,Cc1nc([N+](=O)[O-])cn1CC(=O)Nc1cccc(C(F)(F)F)c1,4.17,Inactive,328.078324872,0,1
CHEMBL540171,Cc1nc([N+](=O)[O-])cn1CC(=O)Nc1c(Cl)cccc1Cl,4.43,Inactive,328.01299554,0,1
CHEMBL3794149,O=c1c2cc([N+](=O)[O-])ccc2n(CCCO)n1Cc1ccccc1,,Inactive,327.12190602400005,0,1
CHEMBL3793601,COCCn1c2ccc([N+](=O)[O-])cc2c(=O)n1Cc1ccccc1,,Inactive,327.12190602400005,0,1
CHEMBL3793132,COCCOc1c2cc([N+](=O)[O-])ccc2nn1Cc1ccccc1,,Inactive,327.12190602400005,0,1
CHEMBL1213390,CCCNc1nc2ccc(Nc3ccccc3C(=O)O)cc2s1,4.12,Inactive,327.104147784,0,1
CHEMBL1213361,CC(=O)Nc1nc2ccc(Nc3ccccc3C(=O)O)cc2s1,4.75,Inactive,327.06776227600005,0,1
CHEMBL323864,CN(/C(S)=N/N=C/c1ccc([N+](=O)[O-])s1)C1CCCCC1,4.74,Inactive,326.087117816,1,0
CHEMBL3577387,Cn1c(=O)c(=O)n(CCCCCCl)c2ccc([N+](=O)[O-])cc21,4.21,Inactive,325.08293367199997,0,1
CHEMBL3577384,O=c1[nH]c2cc([N+](=O)[O-])ccc2n(CCCCCCCl)c1=O,,Inactive,325.08293367199997,0,1
CHEMBL4528506,O=C(/C=C/c1ccc2c(c1)OCO2)Nc1ccc2c(c1)B(O)OC2,4.64,Inactive,323.09650294799997,0,1
CHEMBL76,CCN(CC)CCCC(C)Nc1ccnc2cc(Cl)ccc12,4.52,Inactive,319.18152551199995,0,1
CHEMBL3577376,CN1C(=O)CN(CCN2CCCCC2)c2ccc([N+](=O)[O-])cc21,4.52,Inactive,318.16919056399996,0,1
CHEMBL1079865,Cc1nc2ccc(NC=C3C(=O)OC(C)(C)OC3=O)cc2s1,,Inactive,318.067427928,0,1
CHEMBL382427,O=C(Nc1ccc2nccnc2c1)c1ccc(Br)o1,,Inactive,316.97998859599994,0,1
CHEMBL1213037,CN(C)c1ccc(Nc2nc3ccc([N+](=O)[O-])cc3s2)cc1,,Inactive,314.08374668799996,0,1
CHEMBL4165027,COc1cc(O)c2c(c1C)[C@H](C)[C@](O)(C[S+](C)[O-])OC2=O,,Inactive,314.082409296,0,1
CHEMBL3793005,O=c1c2cc([N+](=O)[O-])ccc2n(CCO)n1Cc1ccccc1,4.75,Inactive,313.10625596000006,0,1
CHEMBL1213364,CN(C)c1nc2ccc(Nc3ccccc3C(=O)O)cc2s1,,Inactive,313.08849772,0,1
CHEMBL116244,O=[N+]([O-])c1ccc(/C=N/N=C(\S)NC2CCCCC2)s1,4.97,Inactive,312.071467752,1,0
CHEMBL3792402,CC(=O)n1c2ccc([N+](=O)[O-])cc2c(=O)n1Cc1ccccc1,,Inactive,311.09060589600006,0,1
CHEMBL3577386,Cn1c(=O)c(=O)n(CCCCCl)c2ccc([N+](=O)[O-])cc21,,Inactive,311.06728360799997,0,1
CHEMBL3577382,O=c1[nH]c2cc([N+](=O)[O-])ccc2n(CCCCCCl)c1=O,,Inactive,311.06728360799997,0,1
CHEMBL3793567,C=CCn1c2ccc([N+](=O)[O-])cc2c(=O)n1Cc1ccccc1,,Inactive,309.11134134,0,1
CHEMBL1213175,CCN(CC)CCCNc1nc2ccc([N+](=O)[O-])cc2s1,4.31,Inactive,308.13069687999996,0,1
CHEMBL1078460,CCOC(=O)C(=CNc1ccc([N+](=O)[O-])cc1)C(=O)OCC,,Inactive,308.100836232,0,1
CHEMBL3792678,C#CCn1c2ccc([N+](=O)[O-])cc2c(=O)n1Cc1ccccc1,,Inactive,307.095691276,0,1
CHEMBL1079864,CC1(C)OC(=O)C(=CNc2ccc3c(c2)OCCO3)C(=O)O1,,Inactive,305.08993719999995,0,1
CHEMBL1270444,Cn1c(C(F)(F)F)nc2cc(C(=O)c3ccccc3)ccc21,4.53,Inactive,304.082347632,0,1
CHEMBL1270445,Cn1c(C(F)(F)F)nc2ccc(C(=O)c3ccccc3)cc21,4.97,Inactive,304.082347632,0,1
CHEMBL1077470,CC1(C)OC(=O)C(=CNc2ccc3ncsc3c2)C(=O)O1,,Inactive,304.051777864,0,1
CHEMBL1213317,O=C(O)c1ccccc1Nc1ccc2nc(Cl)sc2c1,4.77,Inactive,304.007326208,0,1
CHEMBL1078489,CC1(C)OC(=O)C(=CNc2ccc3[nH]c(=O)[nH]c3c2)C(=O)O1,,Inactive,303.085520516,0,1
CHEMBL3577369,CN(C)CCN1CC(=O)Nc2cc([N+](=O)[O-])ccc21.Cl,4.43,Inactive,300.09891808400005,0,1
CHEMBL3577381,O=c1[nH]c2cc([N+](=O)[O-])ccc2n(CCCCCl)c1=O,,Inactive,297.05163354399997,0,1
CHEMBL3793255,C=Cn1c2ccc([N+](=O)[O-])cc2c(=O)n1Cc1ccccc1,,Inactive,295.095691276,0,1
CHEMBL2069823,C=C[C@H]1CNCC[C@H]1CCC(=O)c1ccnc2ccccc12,,Inactive,294.17321332399996,0,1
CHEMBL588619,C=C[C@H]1CN2CC[C@H]1C[C@@H]2[C@@H](O)c1ccnc2ccccc12,,Inactive,294.17321332399996,0,1
CHEMBL232751,[N-]=[N+]=NC[C@H]1O[C@@H](n2cnc3c(N)ncnc32)[C@H](O)[C@@H]1O,4.31,Inactive,292.10323624399996,0,1
CHEMBL1077460,CC1(C)OC(=O)C(=CNc2ccc([N+](=O)[O-])cc2)C(=O)O1,,Inactive,292.06953610399995,0,1
CHEMBL1079692,CC1(C)OC(=O)C(=CNc2cccc([N+](=O)[O-])c2)C(=O)O1,,Inactive,292.06953610399995,0,1
CHEMBL1079693,CC1(C)OC(=O)C(=CNc2ccccc2[N+](=O)[O-])C(=O)O1,,Inactive,292.06953610399995,0,1
CHEMBL1080591,CC1(C)OC(=O)C(=CNc2ccc3c(c2)OCO3)C(=O)O1,,Inactive,291.074287136,0,1
CHEMBL4174516,COc1cc2c(c(OC)c1C(=O)C(C)C)C=CC(C)(C)O2,,Inactive,290.151809184,0,1
CHEMBL3959133,COc1ccc(CNC(=O)c2ncc([N+](=O)[O-])n2C)cc1,4.88,Inactive,290.101504928,1,0
CHEMBL3220677,O=C(c1ccccc1)c1ccc2[nH]c(C(F)(F)F)nc2c1,4.55,Inactive,290.06669756800005,0,1
CHEMBL1080592,CC1(C)OC(=O)C(CNc2ccc3c(c2)CCC3)C(=O)O1,,Inactive,289.131408088,0,1
CHEMBL1079866,CC1(C)OC(=O)C(=CNc2ccc3[nH]nnc3c2)C(=O)O1,,Inactive,288.08585486399994,0,1
CHEMBL1081141,CC1(C)OC(=O)C(=CNc2ccc3cn[nH]c3c2)C(=O)O1,,Inactive,287.090605896,0,1
CHEMBL1213040,O=[N+]([O-])c1ccc2nc(Nc3cccc(O)c3)sc2c1,,Inactive,287.03646214800006,0,1
CHEMBL201311,c1ccc2c(CNc3ccc4nccnc4c3)ccnc2c1,,Inactive,286.121846448,0,1
CHEMBL564658,Cc1nc([N+](=O)[O-])cn1CC(=O)Nc1ccc(C#N)cc1,4.85,Inactive,285.086189212,0,1
CHEMBL404658,Nc1ncnc2c1ncn2[C@@H]1O[C@H](CCl)[C@@H](O)[C@H]1O,4.27,Inactive,285.06286692399993,0,1
CHEMBL1213363,Nc1nc2ccc(Nc3ccccc3C(=O)O)cc2s1,,Inactive,285.057197592,0,1
CHEMBL541490,Cc1nc([N+](=O)[O-])cn1S(=O)(=O)c1ccc(F)cc1,4.94,Inactive,285.021954956,1,0
CHEMBL1213181,CN(C)c1ccc(Nc2nc3ccc(N)cc3s2)cc1,,Inactive,284.109567512,0,1
CHEMBL255442,Nc1nc(N)c2ncn([C@@H]3O[C@H](CO)[C@@H](O)[C@H]3O)c2n1,4.53,Inactive,282.107652928,0,1
CHEMBL551800,Cc1ccc(S(=O)(=O)n2cc([N+](=O)[O-])nc2C)cc1,5.0,Inactive,281.04702683200003,1,0
CHEMBL371737,O=[N+]([O-])c1ccc(CNc2ccc3nccnc3c2)cc1,,Inactive,280.096025624,0,1
CHEMBL1288616,Nc1ncnc2c1ncn2[C@@H]1O[C@H](C=NO)[C@@H](O)[C@H]1O,4.4,Inactive,280.092002864,0,1
CHEMBL279261,OC1(c2ccc(-c3ccccc3)cc2)CN2CCC1CC2,4.34,Inactive,279.162314292,0,1
CHEMBL202301,c1cnc2cc(NCc3ccc4c(c3)OCO4)ccc2n1,,Inactive,279.10077665600005,0,1
CHEMBL1213312,CCN(CC)CCCNc1nc2ccc(N)cc2s1,,Inactive,278.156517704,0,1
CHEMBL3577374,CN(C)CCN1CC(=O)N(C)c2cc([N+](=O)[O-])ccc21,4.29,Inactive,278.13789043599996,0,1
CHEMBL1078770,O=c1cc[nH]c2c(-c3nc4ccccc4s3)cccc12,,Inactive,278.05138394,0,1
CHEMBL4172147,COc1c2c(cc(O)c1C(=O)C(C)C)OC(C)(C)C=C2,,Inactive,276.13615912,0,1
CHEMBL4164263,COc1cc2c(c(O)c1C(=O)C(C)C)C=CC(C)(C)O2,,Inactive,276.13615912,0,1
CHEMBL2236841,Cc1cccc2nc(NC3CCCCC3)c([N+](=O)[O-])n12,4.19,Inactive,274.142975816,0,1
CHEMBL116674,CCC/N=C(\S)N/N=C/c1ccc([N+](=O)[O-])s1,4.68,Inactive,272.040167624,1,0
CHEMBL1213177,O=[N+]([O-])c1ccc2nc(Nc3ccccc3)sc2c1,,Inactive,271.041547528,0,1
CHEMBL4171803,COc1cc(O)c2c(c1C)[C@H](C)[C@](O)(CO)OC2=O,,Inactive,268.094688232,0,1
CHEMBL540243,Cc1nc([N+](=O)[O-])cn1S(=O)(=O)c1ccccc1,4.9,Inactive,267.03137676800003,1,0
CHEMBL4175246,COc1cc(OC)c2c(c1C)[C@](C)(O)[C@H](C)OC2=O,,Inactive,266.11542367600003,0,1
CHEMBL49935,Nc1ncnc2c1ncn2[C@@H]1C[C@H](CO)[C@@H](O)[C@H]1O,5.0,Inactive,265.11748934,0,1
CHEMBL3577378,CN1C(=O)CN(CCCO)c2ccc([N+](=O)[O-])cc21,4.22,Inactive,265.10625596,0,1
CHEMBL1213125,O=[N+]([O-])c1ccc2nc(N3CCCCC3)sc2c1,,Inactive,263.072847656,0,1
CHEMBL2032108,O=c1ccn([C@@H]2O[C@H](CCl)[C@@H](O)[C@H]2O)c(=O)[nH]1,,Inactive,262.035649132,0,1
CHEMBL2236578,O=[N+]([O-])c1c(NC2CCCCC2)nc2ccccn12,4.21,Inactive,260.127325752,0,1
CHEMBL110,O=C(Cn1ccnc1[N+](=O)[O-])NCc1ccccc1,4.73,Inactive,260.090940244,1,0
CHEMBL540170,Cc1nc([N+](=O)[O-])cn1CC(=O)Nc1ccccc1,4.61,Inactive,260.090940244,0,1
CHEMBL203368,CCCCCCC(=O)Nc1ccc2nccnc2c1,,Inactive,257.152812228,0,1
CHEMBL1212944,Nc1ccc2nc(Nc3cccc(O)c3)sc2c1,,Inactive,257.062282972,0,1
CHEMBL4166106,Cc1c(O)cc(O)c2c1[C@H](C)[C@](O)(CO)OC2=O,,Inactive,254.079038168,0,1
CHEMBL3905134,Cn1c([N+](=O)[O-])cnc1C(=O)NC1CCCCC1,4.97,Inactive,252.122240372,1,0
CHEMBL4161194,COc1cc(O)c2c(c1C)[C@](C)(O)[C@H](C)OC2=O,,Inactive,252.099773612,0,1
CHEMBL4176729,COc1cc(O)c2c(c1C)[C@H](C)[C@H](CO)OC2=O,,Inactive,252.099773612,0,1
CHEMBL3577373,O=C1CN(CCCO)c2ccc([N+](=O)[O-])cc2N1,,Inactive,251.090605896,0,1
CHEMBL1213063,CCN(CC)c1nc2ccc([N+](=O)[O-])cc2s1,,Inactive,251.072847656,0,1
CHEMBL3577379,O=C1Nc2cc([N+](=O)[O-])ccc2N2CCCOC12,4.38,Inactive,249.074955832,0,1
CHEMBL1213314,Nc1ccc2nc(Nc3ccccc3)sc2c1,,Inactive,241.067368352,0,1
CHEMBL1213038,O=[N+]([O-])c1ccc2nc(NCCO)sc2c1,,Inactive,239.036462148,0,1
CHEMBL1213176,CCCNc1nc2ccc([N+](=O)[O-])cc2s1,,Inactive,237.057197592,0,1
CHEMBL1213041,CC(=O)Nc1nc2ccc([N+](=O)[O-])cc2s1,,Inactive,237.020812084,1,0
CHEMBL372992,c1ccc(CNc2ccc3nccnc3c2)cc1,,Inactive,235.110947416,0,1
CHEMBL3577385,Cn1c(=O)c(=O)n(C)c2cc([N+](=O)[O-])ccc21,,Inactive,235.059305768,0,1
CHEMBL1213311,Nc1ccc2nc(N3CCCCC3)sc2c1,,Inactive,233.09866848,0,1
CHEMBL1078847,Cc1nc2ccc3c(c(=O)ccn3C)c2s1,,Inactive,230.05138394,0,1
CHEMBL1078769,CN(C)c1nc2cc3[nH]ccc(=O)c3cc2o1,,Inactive,229.085126592,0,1
CHEMBL1213060,CN(C)c1nc2ccc([N+](=O)[O-])cc2s1,,Inactive,223.041547528,0,1
CHEMBL1213264,CCN(CC)c1nc2ccc(N)cc2s1,,Inactive,221.09866848,0,1
CHEMBL99254,NCCNc1ccnc2cc(Cl)ccc12,4.64,Inactive,221.071975064,0,1
CHEMBL3577380,Cn1c(=O)c(=O)[nH]c2cc([N+](=O)[O-])ccc21,,Inactive,221.043655704,0,1
CHEMBL2236563,Cc1cccc2nc(C(N)=O)c([N+](=O)[O-])n12,4.83,Inactive,220.059640116,1,0
CHEMBL1078568,CC1=NC2=CC=C3CC=CC(=O)C3N2S1,,Inactive,218.05138394,0,1
CHEMBL1222498,CCC(=O)Nc1ccc(Cl)c(Cl)c1,,Inactive,217.006119268,0,1
CHEMBL425932,CCCCCNc1ccc2nccnc2c1,,Inactive,215.14224754399999,0,1
CHEMBL1213182,Nc1ccc2nc(NCCO)sc2c1,,Inactive,209.062282972,0,1
CHEMBL1213313,CCCNc1nc2ccc(N)cc2s1,,Inactive,207.083018416,0,1
CHEMBL2153694,COc1c2cc([N+](=O)[O-])ccc2nn1C,4.73,Inactive,207.064391148,0,1
CHEMBL1213260,CC(=O)Nc1nc2ccc(N)cc2s1,,Inactive,207.046632908,0,1
CHEMBL2235865,O=C(O)c1nc2ccccn2c1[N+](=O)[O-],4.68,Inactive,207.02800564,1,0
CHEMBL2236562,NC(=O)c1nc2ccccn2c1[N+](=O)[O-],4.38,Inactive,206.043990052,1,0
CHEMBL1078567,O=c1cc[nH]c2cc3c(cc12)OCCO3,,Inactive,203.058243148,0,1
CHEMBL2236840,Cc1cccc2nc(C#N)c([N+](=O)[O-])n12,4.92,Inactive,202.049075432,1,0
CHEMBL1213263,CN(C)c1nc2ccc(N)cc2s1,,Inactive,193.067368352,0,1
CHEMBL1077560,O=c1cc[nH]c2ccc([N+](=O)[O-])cc12,,Inactive,190.037842052,0,1
CHEMBL1078566,O=c1cc[nH]c2c([N+](=O)[O-])cccc12,,Inactive,190.037842052,0,1
CHEMBL1213180,Nc1ccc2nc(Cl)sc2c1,,Inactive,183.98619684,0,1
CHEMBL328540,Nc1ccc2nc(N)sc2c1,,Inactive,165.036068224,0,1
CHEMBL1078771,Nc1ccc2[nH]ccc(=O)c2c1,,Inactive,160.063662876,0,1
CHEMBL408049,Nc1ncc([N+](=O)[O-])s1,4.28,Inactive,144.994597336,0,1
CHEMBL4065457,O=[N+]([O-])c1cncs1,4.28,Inactive,129.983698304,1,0
